 SiO2, TiO2,Al2O3,Fe2O3,  FeO,  MnO,  MgO,  CaO, Na2O,  K2O, P2O5,Cr2O3,H2O,T_CALC,T_RUN,FO_CALC,FO_Host,FEO*,FEO_Final,OL_PER,MELT_PER,CORR_COEF,SAMP_NO,number
50.491,2.695,15.37,1.401,7.408,0.131,5.379,10.617,3.946,0.737,0.303,0,1.522,1094,1094,82.38,83.13,8.669,10.9,0,100,1,PI032-04-01,1
50.632,2.713,15.473,1.343,7.059,0.132,5.408,10.688,3.972,0.742,0.305,0,1.532,1094,1094,83.13,83.13,8.268,10.9,0.49,99.51,1.007,PI032-04-01,2
49.224,2.458,14.022,1.758,9.331,0.12,7.465,9.686,3.6,0.672,0.276,0,1.389,1208,1208,83.13,83.13,10.912,10.9,-8.7,108.7,0.912,PI032-04-01,3
50.129,2.847,16.226,1.314,7.167,0.131,5.176,10.384,3.826,1.009,0.361,0,1.429,1082,1082,82.48,82.97,8.35,10.9,0,100,1,PI032-04-02,1
50.214,2.859,16.293,1.28,6.949,0.132,5.195,10.427,3.842,1.013,0.362,0,1.434,1082,1082,82.98,82.97,8.101,10.9,0.3,99.7,1.004,PI032-04-02,2
48.781,2.579,14.699,1.716,9.361,0.119,7.337,9.407,3.466,0.914,0.327,0,1.294,1202,1202,82.97,82.97,10.906,10.9,-9.34,109.34,0.906,PI032-04-02,3
49.398,2.824,17.071,1.497,8.787,0.154,4.892,9.249,3.816,1.085,0.565,0,0.66,1082,1082,78.54,77.84,10.134,10.9,0,100,1,PI041-02-02,1
49.271,2.806,16.963,1.551,9.111,0.153,4.866,9.191,3.791,1.079,0.561,0,0.656,1082,1082,77.84,77.84,10.506,10.9,-0.48,100.48,0.994,PI041-02-02,2
49.089,2.772,16.754,1.61,9.454,0.151,5.079,9.078,3.745,1.065,0.555,0,0.648,1096,1096,77.84,77.84,10.903,10.9,-1.59,101.59,0.981,PI041-02-02,3
47.602,3.531,17.635,1.321,6.85,0.102,4.7,12.284,3.747,1.282,0.618,0,0.328,1042,1042,82.41,83.76,8.039,10.9,0,100,1,PI041-03-01,1
47.797,3.568,17.822,1.222,6.286,0.104,4.749,12.414,3.787,1.295,0.625,0,0.332,1042,1042,83.76,83.76,7.385,10.9,0.77,99.23,1.011,PI041-03-01,2
46.318,3.133,15.651,1.777,9.304,0.091,7.52,10.902,3.325,1.138,0.549,0,0.291,1199,1199,83.76,83.76,10.903,10.9,-11.47,111.47,0.888,PI041-03-01,3
46.99,3.657,17.831,1.322,6.737,0.078,4.815,12.5,3.831,1.309,0.581,0,0.349,1046,1046,83.09,83.54,7.927,10.9,0,100,1,PI041-03-03,1
47.054,3.67,17.895,1.29,6.545,0.078,4.831,12.545,3.845,1.314,0.583,0,0.35,1046,1046,83.54,83.54,7.706,10.9,0.26,99.74,1.004,PI041-03-03,2
45.788,3.266,15.922,1.795,9.288,0.07,7.29,11.162,3.421,1.169,0.518,0,0.311,1185,1185,83.54,83.54,10.903,10.9,-10.72,110.72,0.893,PI041-03-03,3
47.512,2.421,18.099,1.729,9.597,0.138,4.056,9.153,4.478,1.564,0.803,0,0.45,1052,1052,74.73,76.01,11.152,10.9,0,100,1,PI041-05-04,1
47.707,2.447,18.292,1.642,9.051,0.14,4.097,9.25,4.526,1.581,0.812,0,0.454,1052,1052,76.01,76.01,10.529,10.9,0.8,99.2,1.011,PI041-05-04,2
47.535,2.417,18.064,1.709,9.424,0.138,4.296,9.135,4.47,1.561,0.802,0,0.449,1066,1066,76.01,76.01,10.962,10.9,-0.3,100.3,0.998,PI041-05-04,3
46.98,3.745,17.49,1.694,9.637,0.165,4.272,9.191,4.125,1.46,0.638,0,0.604,1051,1051,75.48,76.03,11.161,10.9,0,100,1,PI041-05-06,1
47.062,3.763,17.571,1.659,9.396,0.165,4.291,9.233,4.144,1.467,0.641,0,0.607,1051,1051,76.03,76.03,10.889,10.9,0.35,99.65,1.005,PI041-05-06,2
47.055,3.761,17.561,1.662,9.413,0.165,4.3,9.228,4.141,1.466,0.641,0,0.606,1052,1052,76.03,76.03,10.909,10.9,0.3,99.7,1.004,PI041-05-06,3
47.073,3.957,17.062,1.443,7.967,0.137,4.848,10.816,3.507,1.425,0.622,0,1.144,1052,1052,80.56,81.77,9.265,10.9,0,100,1,PI041-07-01,1
47.255,3.998,17.236,1.355,7.432,0.138,4.894,10.926,3.543,1.44,0.628,0,1.155,1052,1052,81.77,81.77,8.652,10.9,0.75,99.25,1.01,PI041-07-01,2
46.35,3.698,15.946,1.703,9.378,0.128,6.428,10.109,3.278,1.332,0.581,0,1.069,1141,1141,81.77,81.77,10.911,10.9,-6.37,106.37,0.935,PI041-07-01,3
47.039,3.921,17.276,1.439,7.791,0.129,4.842,11.15,3.539,1.509,0.683,0,0.684,1055,1055,80.92,81.87,9.085,10.9,0,100,1,PI041-07-02,1
47.181,3.953,17.414,1.369,7.371,0.13,4.877,11.239,3.567,1.521,0.689,0,0.689,1055,1055,81.87,81.87,8.603,10.9,0.59,99.41,1.008,PI041-07-02,2
46.264,3.65,16.083,1.726,9.354,0.12,6.45,10.38,3.294,1.405,0.636,0,0.636,1148,1148,81.87,81.87,10.908,10.9,-6.7,106.7,0.931,PI041-07-02,3
48.116,1.638,15.802,2.041,10.224,0.232,4.633,9.638,4.574,1.423,0.636,0,1.042,1097,1097,75.54,77.74,12.061,10.9,0,100,1,PI052-01-02,1
48.519,1.673,16.143,1.858,9.18,0.237,4.703,9.847,4.673,1.454,0.65,0,1.065,1097,1097,77.74,77.74,10.851,10.9,1.62,98.38,1.022,PI052-01-02,2
48.494,1.67,16.115,1.867,9.229,0.236,4.732,9.83,4.665,1.451,0.648,0,1.063,1099,1099,77.74,77.74,10.908,10.9,1.47,98.53,1.02,PI052-01-02,3
47.488,2.121,13.946,1.7,7.265,0.105,7.058,13.51,3.942,1.117,0.68,0,1.068,1178,1178,86.27,86.85,8.795,10.9,0,100,1,PI052-02-01,1
47.613,2.136,14.046,1.631,6.928,0.106,7.078,13.606,3.97,1.125,0.684,0,1.076,1178,1178,86.85,86.85,8.395,10.9,0.53,99.47,1.007,PI052-02-01,2
46.415,1.904,12.523,2.032,9.077,0.094,9.711,12.131,3.54,1.003,0.61,0,0.959,1303,1303,86.85,86.85,10.905,10.9,-10.38,110.38,0.898,PI052-02-01,3
47.692,2.71,15.117,1.381,6.345,0.099,6.678,13.471,3.314,1.449,0.705,0,1.039,1142,1142,87.23,87.94,7.588,10.9,0,100,1,PI052-03-02,1
47.827,2.73,15.232,1.307,5.969,0.1,6.705,13.573,3.339,1.46,0.711,0,1.047,1142,1142,87.94,87.94,7.144,10.9,0.56,99.44,1.008,PI052-03-02,2
46.003,2.272,12.676,1.905,9.194,0.083,11.114,11.296,2.779,1.215,0.591,0,0.871,1345,1345,87.94,87.94,10.908,10.9,-17.58,117.58,0.839,PI052-03-02,3
48.358,2.893,16.254,1.186,5.237,0.115,5.697,13.669,3.876,1.699,0.912,0,0.103,1110,1110,87.91,88.72,6.304,10.9,0,100,1,PI052-04-01,1
48.494,2.914,16.372,1.108,4.865,0.116,5.724,13.769,3.905,1.711,0.918,0,0.104,1110,1110,88.72,88.72,5.861,10.9,0.53,99.47,1.007,PI052-04-01,2
45.962,2.262,12.708,1.928,9.169,0.09,12.043,10.687,3.031,1.328,0.713,0,0.081,1413,1413,88.72,88.72,10.904,10.9,-25.42,125.42,0.782,PI052-04-01,3
47.495,2.737,14.809,1.553,6.98,0.146,6.55,12.866,3.753,1.432,0.713,0,0.966,1153,1153,86.01,85.59,8.378,10.9,0,100,1,PI052-05-01,1
47.411,2.724,14.738,1.602,7.21,0.145,6.536,12.804,3.735,1.425,0.71,0,0.961,1153,1153,85.59,85.59,8.652,10.9,-0.36,100.36,0.995,PI052-05-01,2
46.397,2.478,13.409,1.961,9.135,0.132,8.624,11.649,3.398,1.297,0.646,0,0.874,1258,1258,85.59,85.59,10.9,10.9,-9.29,109.29,0.905,PI052-05-01,3
53.816,1.866,16.729,1.142,6.4,0.109,4.731,9.665,4.284,0.726,0.348,0,0.183,1087,1087,82.38,82.45,7.428,10.9,0,100,1,PI054-01-03,1
53.827,1.867,16.737,1.139,6.374,0.109,4.733,9.67,4.286,0.726,0.348,0,0.183,1087,1087,82.45,82.45,7.399,10.9,0.03,99.97,1,PI054-01-03,2
51.651,1.645,14.745,1.69,9.391,0.096,7.378,8.519,3.776,0.64,0.307,0,0.161,1244,1244,82.45,82.45,10.913,10.9,-12,112,0.881,PI054-01-03,3
47.066,3.652,16.867,1.536,8.084,0.155,5.03,11.314,3.686,1.362,0.619,0,0.628,1070,1070,80.83,82.32,9.466,10.9,0,100,1,PI054-02-01,1
47.302,3.7,17.092,1.418,7.399,0.158,5.086,11.465,3.735,1.381,0.627,0,0.637,1070,1070,82.32,82.32,8.675,10.9,0.98,99.02,1.013,PI054-02-01,2
46.394,3.421,15.801,1.766,9.314,0.146,6.661,10.599,3.453,1.276,0.58,0,0.589,1161,1161,82.32,82.32,10.904,10.9,-6.2,106.2,0.937,PI054-02-01,3
47.188,3.884,17.656,1.335,7.419,0.108,4.981,11.69,3.426,1.127,0.573,0,0.613,1048,1048,81.91,82.67,8.62,10.9,0,100,1,PI056-01-01,1
47.301,3.909,17.767,1.281,7.084,0.109,5.011,11.763,3.448,1.134,0.577,0,0.617,1048,1048,82.67,82.67,8.236,10.9,0.46,99.54,1.006,PI056-01-01,2
46.219,3.553,16.148,1.691,9.385,0.099,6.964,10.692,3.134,1.031,0.524,0,0.56,1158,1158,82.67,82.67,10.907,10.9,-8.41,108.41,0.915,PI056-01-01,3
45.995,4.442,16.994,1.446,7.969,0.122,5.213,11.577,3.313,1.161,0.548,0,1.221,1052,1052,81.62,82.81,9.27,10.9,0,100,1,PI056-02-01,1
46.173,4.489,17.175,1.355,7.414,0.123,5.262,11.701,3.348,1.173,0.553,0,1.234,1052,1052,82.81,82.81,8.633,10.9,0.78,99.22,1.011,PI056-02-01,2
45.314,4.13,15.802,1.709,9.404,0.113,6.958,10.765,3.081,1.08,0.509,0,1.136,1146,1146,82.81,82.81,10.942,10.9,-6.89,106.89,0.93,PI056-02-01,3
47.099,3.867,17.142,1.606,9.255,0.179,4.783,8.692,4.059,1.421,0.603,0,1.295,1074,1074,77.97,77.9,10.7,10.9,0,100,1,PI056-03-01,1
47.086,3.864,17.129,1.615,9.289,0.179,4.781,8.685,4.056,1.42,0.602,0,1.294,1074,1074,77.9,77.9,10.742,10.9,-0.06,100.06,0.999,PI056-03-01,2
47.02,3.844,17.042,1.64,9.432,0.178,4.868,8.641,4.035,1.413,0.599,0,1.288,1079,1079,77.9,77.9,10.908,10.9,-0.51,100.51,0.994,PI056-03-01,3
47.604,3.636,17.433,1.529,9.209,0.158,4.459,8.743,3.821,1.375,0.634,0,1.4,1049,1049,76.8,78.02,10.585,10.9,0,100,1,PI056-03-02,1
47.792,3.673,17.611,1.45,8.674,0.159,4.504,8.832,3.86,1.389,0.64,0,1.414,1049,1049,78.02,78.02,9.978,10.9,0.77,99.23,1.01,PI056-03-02,2
47.412,3.57,17.113,1.589,9.482,0.155,4.999,8.583,3.751,1.35,0.622,0,1.374,1081,1081,78.02,78.02,10.912,10.9,-1.78,101.78,0.982,PI056-03-02,3
47.526,3.408,15.764,1.405,7.659,0.098,7.81,10.397,3.127,1.173,0.595,0,1.039,1198,1198,86.5,83.36,8.923,10.9,0,100,1,PI056-05-01,1
46.808,3.266,15.107,1.743,9.651,0.094,7.682,9.964,2.996,1.124,0.57,0,0.996,1198,1198,83.36,83.36,11.219,10.9,-3.28,103.28,0.958,PI056-05-01,2
46.953,3.309,15.303,1.694,9.37,0.095,7.423,10.094,3.035,1.138,0.577,0,1.009,1186,1186,83.36,83.36,10.894,10.9,-2.08,102.08,0.971,PI056-05-01,3
52.782,1.733,17.228,1.025,6.18,0.125,4.82,10.692,3.465,0.502,0.401,0,1.048,1048,1048,83.11,82.89,7.102,10.9,0,100,1,PI065-04-01,1
52.744,1.73,17.2,1.04,6.267,0.124,4.811,10.675,3.46,0.501,0.4,0,1.047,1048,1048,82.89,82.89,7.204,10.9,-0.12,100.12,0.998,PI065-04-01,2
50.566,1.509,15.005,1.603,9.465,0.108,7.713,9.313,3.018,0.437,0.349,0,0.913,1211,1211,82.89,82.89,10.908,10.9,-13.2,113.2,0.871,PI065-04-01,3
51.069,2.36,17.698,1.048,6.492,0.109,5.102,10.16,3.241,0.893,0.611,0,1.216,1060,1060,83.42,83.36,7.436,10.9,0,100,1,PI065-04-03,1
51.057,2.359,17.689,1.055,6.52,0.109,5.1,10.155,3.24,0.892,0.611,0,1.215,1060,1060,83.36,83.36,7.469,10.9,-0.04,100.04,0.999,PI065-04-03,2
49.195,2.072,15.536,1.574,9.504,0.096,7.871,8.919,2.845,0.784,0.536,0,1.067,1211,1211,83.36,83.36,10.92,10.9,-12.43,112.43,0.878,PI065-04-03,3
52.124,1.967,16.864,0.912,5.53,0.039,5.794,12.401,2.517,0.325,0.362,0,1.165,1063,1063,86.48,86.92,6.351,10.9,0,100,1,PI065-05-01,1
52.201,1.973,16.921,0.884,5.34,0.039,5.815,12.443,2.526,0.326,0.363,0,1.169,1063,1063,86.92,86.92,6.135,10.9,0.24,99.76,1.003,PI065-05-01,2
49.151,1.581,13.555,1.61,9.455,0.031,11.137,9.968,2.023,0.261,0.291,0,0.936,1312,1312,86.92,86.92,10.904,10.9,-22.18,122.18,0.804,PI065-05-01,3
52.41,1.909,16.997,0.895,5.541,0.078,5.529,12.318,2.445,0.33,0.406,0,1.143,1049,1049,85.92,87.18,6.346,10.9,0,100,1,PI065-05-03,1
52.626,1.927,17.154,0.815,5.018,0.079,5.586,12.432,2.468,0.333,0.41,0,1.153,1049,1049,87.18,87.18,5.751,10.9,0.66,99.34,1.009,PI065-05-03,2
49.243,1.511,13.449,1.598,9.469,0.062,11.499,9.747,1.935,0.261,0.321,0,0.904,1325,1325,87.18,87.18,10.907,10.9,-24.11,124.11,0.791,PI065-05-03,3
48.552,3.7,17.269,1.584,9.458,0.173,3.934,7.936,4.216,1.514,0.743,0,0.92,1041,1041,74.17,76.78,10.884,10.9,0,100,1,PI067-02-01,1
48.948,3.775,17.621,1.422,8.395,0.177,4.02,8.097,4.302,1.545,0.758,0,0.939,1041,1041,76.78,76.78,9.675,10.9,1.52,98.48,1.02,PI067-02-01,2
48.418,3.641,16.992,1.608,9.464,0.171,4.624,7.808,4.148,1.49,0.731,0,0.905,1084,1084,76.78,76.78,10.911,10.9,-1.7,101.7,0.984,PI067-02-01,3
47.66,3.729,17.783,1.591,9.474,0.151,4.465,8.482,3.987,1.529,0.859,0,0.291,1068,1068,76.31,76.27,10.905,10.9,0,100,1,PI067-03-01,1
47.653,3.728,17.775,1.597,9.493,0.151,4.463,8.479,3.985,1.528,0.859,0,0.291,1068,1068,76.27,76.27,10.929,10.9,-0.03,100.03,1,PI067-03-01,2
47.668,3.732,17.796,1.591,9.458,0.151,4.445,8.488,3.99,1.53,0.86,0,0.291,1067,1067,76.27,76.27,10.89,10.9,0.07,99.93,1.001,PI067-03-01,3
46.856,3.27,17.081,1.386,7.684,0.137,5.836,10.988,3.512,1.047,0.665,0,1.538,1090,1090,83.45,83.78,8.932,10.9,0,100,1,PI071-01-03,1
46.909,3.28,17.134,1.363,7.521,0.137,5.85,11.022,3.523,1.05,0.667,0,1.543,1090,1090,83.78,83.78,8.748,10.9,0.23,99.77,1.003,PI071-01-03,2
46.024,3.02,15.779,1.694,9.382,0.126,7.579,10.15,3.244,0.967,0.614,0,1.421,1181,1181,83.78,83.78,10.906,10.9,-7.43,107.43,0.924,PI071-01-03,3
48.485,3.095,17.31,1.269,7.279,0.172,4.878,10.688,3.467,1.181,0.919,0,1.256,1048,1048,81.75,82.7,8.421,10.9,0,100,1,PI071-02-02,1
48.632,3.118,17.442,1.206,6.869,0.173,4.915,10.769,3.494,1.19,0.926,0,1.266,1048,1048,82.7,82.7,7.954,10.9,0.56,99.44,1.008,PI071-02-02,2
47.311,2.806,15.692,1.656,9.411,0.156,7.094,9.689,3.143,1.07,0.833,0,1.139,1172,1172,82.7,82.7,10.901,10.9,-9.31,109.31,0.907,PI071-02-02,3
50.87,2.121,16.61,1.203,6.729,0.179,5.686,10.106,3.983,0.634,0.495,0,1.384,1107,1107,84.33,83.44,7.812,10.9,0,100,1,PI071-03-01,1
50.697,2.104,16.476,1.277,7.151,0.177,5.652,10.024,3.95,0.629,0.491,0,1.373,1107,1107,83.44,83.44,8.3,10.9,-0.6,100.6,0.992,PI071-03-01,2
49.285,1.905,14.921,1.679,9.394,0.161,7.742,9.078,3.578,0.569,0.445,0,1.243,1220,1220,83.44,83.44,10.905,10.9,-9.98,109.98,0.898,PI071-03-01,3
47.177,3.485,17.691,1.38,8.121,0.125,5.444,9.135,3.772,1.325,0.73,0,1.615,1089,1089,81.84,82.66,9.364,10.9,0,100,1,PI071-04-01,1
47.313,3.512,17.827,1.32,7.724,0.125,5.476,9.205,3.801,1.335,0.736,0,1.627,1089,1089,82.66,82.66,8.912,10.9,0.57,99.43,1.008,PI071-04-01,2
46.468,3.262,16.56,1.628,9.484,0.117,6.966,8.551,3.531,1.24,0.683,0,1.511,1172,1172,82.66,82.66,10.948,10.9,-6.2,106.2,0.936,PI071-04-01,3
48.15,3.427,18.248,1.246,6.758,0.11,4.831,11.335,3.991,1.138,0.529,0,0.236,1056,1056,82.87,83.15,7.879,10.9,0,100,1,PI072-01-01,1
48.191,3.435,18.288,1.228,6.639,0.11,4.841,11.36,4,1.141,0.53,0,0.237,1056,1056,83.15,83.15,7.744,10.9,0.16,99.84,1.002,PI072-01-01,2
46.823,3.063,16.312,1.72,9.353,0.098,7.229,10.132,3.568,1.017,0.473,0,0.211,1193,1193,83.15,83.15,10.901,10.9,-10.6,110.6,0.894,PI072-01-01,3
46.435,3.993,17.818,1.661,9.28,0.141,4.562,9.342,4.351,1.343,0.62,0,0.452,1065,1065,77.37,77.97,10.775,10.9,0,100,1,PI072-05-01,1
46.527,4.015,17.914,1.62,9.004,0.142,4.583,9.392,4.375,1.35,0.623,0,0.455,1065,1065,77.97,77.97,10.463,10.9,0.4,99.6,1.005,PI072-05-01,2
46.358,3.959,17.667,1.69,9.395,0.14,4.818,9.263,4.314,1.332,0.615,0,0.448,1081,1081,77.97,77.97,10.916,10.9,-0.82,100.82,0.992,PI072-05-01,3
49.052,3.151,19.105,0.959,5.487,0.09,2.771,11.617,4.099,1.205,1.033,0,1.43,903,903,78.71,82.75,6.35,10.9,0,100,1,PI074-01-01,1
49.437,3.21,19.461,0.778,4.394,0.092,2.882,11.834,4.175,1.228,1.052,0,1.457,903,903,82.75,82.75,5.095,10.9,1.33,98.67,1.019,PI074-01-01,2
46.933,2.639,15.998,1.682,9.399,0.075,7.041,9.728,3.432,1.009,0.865,0,1.198,1171,1171,82.75,82.75,10.913,10.9,-17.52,117.52,0.837,PI074-01-01,3
48.542,3.262,19.088,1.006,5.631,0.151,2.449,12.834,3.834,1.173,0.957,0,1.073,873,873,76.38,83.06,6.536,10.9,0,100,1,PI074-01-02,1
49.113,3.355,19.628,0.724,3.971,0.155,2.622,13.197,3.942,1.207,0.984,0,1.103,873,873,83.06,83.06,4.623,10.9,2,98,1.028,PI074-01-02,2
46.493,2.712,15.87,1.71,9.374,0.125,7.196,10.67,3.187,0.976,0.796,0,0.892,1169,1169,83.06,83.06,10.912,10.9,-18.47,118.47,0.831,PI074-01-02,3
48.308,3.468,18.358,1.089,6.045,0.104,2.909,12.279,3.84,1.145,0.985,0,1.47,910,910,77.78,83.21,7.025,10.9,0,100,1,PI074-01-03,1
48.841,3.561,18.852,0.826,4.497,0.107,3.067,12.61,3.943,1.176,1.011,0,1.51,910,910,83.21,83.21,5.24,10.9,1.91,98.09,1.027,PI074-01-03,2
46.471,2.929,15.507,1.713,9.369,0.088,7.268,10.372,3.244,0.967,0.832,0,1.242,1171,1171,83.21,83.21,10.91,10.9,-16.79,116.79,0.845,PI074-01-03,3
48.929,3.134,17.858,1.098,5.931,0.05,4.266,11.435,3.921,1.282,0.651,0,1.445,1011,1011,83.19,83.29,6.918,10.9,0,100,1,PI074-03-01,1
48.94,3.136,17.868,1.096,5.895,0.05,4.269,11.442,3.924,1.283,0.652,0,1.446,1011,1011,83.29,83.29,6.882,10.9,0.04,99.96,1.001,PI074-03-01,2
47.142,2.715,15.468,1.725,9.351,0.043,7.327,9.905,3.397,1.111,0.564,0,1.252,1190,1190,83.29,83.29,10.904,10.9,-13.73,113.73,0.866,PI074-03-01,3
47.256,3.519,17.247,1.219,6.224,0.173,4.944,12.094,3.997,1.065,0.68,0,1.58,1040,1040,84.5,83.02,7.321,10.9,0,100,1,PI074-03-02,1
47.04,3.477,17.041,1.338,6.86,0.171,4.889,11.949,3.95,1.052,0.672,0,1.562,1040,1040,83.02,83.02,8.064,10.9,-0.89,100.89,0.988,PI074-03-02,2
45.893,3.133,15.356,1.791,9.35,0.154,7.035,10.768,3.559,0.948,0.605,0,1.407,1161,1161,83.02,83.02,10.961,10.9,-10.72,110.72,0.89,PI074-03-02,3
48.43,2.798,18.459,1.115,5.98,0.091,4.046,11.827,4.037,1.234,0.74,0,1.243,996,996,82.52,82.93,6.984,10.9,0,100,1,PI074-03-03,1
48.481,2.805,18.507,1.092,5.833,0.091,4.06,11.858,4.047,1.237,0.742,0,1.247,996,996,82.93,82.93,6.816,10.9,0.19,99.81,1.003,PI074-03-03,2
46.725,2.428,16.018,1.738,9.373,0.079,7.082,10.263,3.503,1.071,0.642,0,1.079,1176,1176,82.93,82.93,10.937,10.9,-13.56,113.56,0.868,PI074-03-03,3
46.522,3.676,18.059,1.272,6.766,0.101,5.035,11.464,3.81,1.432,0.96,0,0.904,1055,1055,83.68,83.15,7.911,10.9,0,100,1,PI074-04-01,1
46.443,3.659,17.976,1.316,7.005,0.1,5.015,11.411,3.793,1.425,0.955,0,0.9,1055,1055,83.15,83.15,8.189,10.9,-0.34,100.34,0.995,PI074-04-01,2
45.417,3.317,16.295,1.738,9.344,0.091,7.043,10.344,3.438,1.292,0.866,0,0.816,1170,1170,83.15,83.15,10.908,10.9,-9.54,109.54,0.902,PI074-04-01,3
47.194,3.862,17.444,1.235,6.673,0.187,5.24,11.144,3.734,1.268,0.744,0,1.275,1063,1063,84.19,82.83,7.784,10.9,0,100,1,PI074-04-03,1
46.983,3.816,17.237,1.345,7.296,0.185,5.188,11.012,3.69,1.253,0.736,0,1.26,1063,1063,82.83,82.83,8.506,10.9,-0.88,100.88,0.988,PI074-04-03,2
46.028,3.501,15.813,1.714,9.359,0.17,6.949,10.102,3.385,1.15,0.675,0,1.155,1162,1162,82.83,82.83,10.902,10.9,-8.97,108.97,0.906,PI074-04-03,3
45.086,3.206,17.955,1.43,7.589,0.181,7.832,9.932,4.011,1.411,1.003,0,0.366,1217,1217,87.17,80.54,8.876,10.9,0,100,1,PI074-05-01,1
43.684,2.898,16.228,2.191,12.101,0.163,7.621,8.977,3.625,1.275,0.906,0,0.33,1217,1217,80.54,80.54,14.073,10.9,-8.06,108.06,0.904,PI074-05-01,2
44.752,3.249,18.197,1.713,9.344,0.183,5.614,10.066,4.065,1.43,1.016,0,0.371,1110,1110,80.54,80.54,10.885,10.9,2.4,97.6,1.013,PI074-05-01,3
46.945,3.205,18.443,1.391,7.782,0.09,4.896,11.004,3.83,1.196,0.811,0,0.407,1057,1057,81.1,80.66,9.034,10.9,0,100,1,PI081-01-01,1
46.878,3.193,18.373,1.427,7.979,0.09,4.88,10.962,3.815,1.191,0.808,0,0.405,1057,1057,80.66,80.66,9.263,10.9,-0.29,100.29,0.996,PI081-01-01,2
46.24,3.023,17.394,1.678,9.4,0.085,5.914,10.378,3.612,1.128,0.765,0,0.384,1119,1119,80.66,80.66,10.911,10.9,-5.28,105.28,0.943,PI081-01-01,3
46.789,4.412,16.243,1.453,7.794,0.163,5.56,10.366,3.719,1.31,0.674,0,1.518,1090,1090,82.76,82.78,9.101,10.9,0,100,1,PI081-02-01,1
46.79,4.412,16.244,1.454,7.787,0.163,5.56,10.367,3.719,1.31,0.674,0,1.518,1090,1090,82.78,82.78,9.096,10.9,0.01,99.99,1,PI081-02-01,2
46.069,4.132,15.214,1.733,9.341,0.153,6.885,9.709,3.483,1.227,0.632,0,1.422,1163,1163,82.78,82.78,10.901,10.9,-6.02,106.02,0.937,PI081-02-01,3
47.336,3.783,18.517,1.26,6.602,0.112,4.029,12.103,3.998,1.418,0.757,0,0.084,1005,1005,81.13,82.95,7.736,10.9,0,100,1,PI081-03-01,1
47.566,3.831,18.75,1.14,5.921,0.113,4.09,12.254,4.048,1.436,0.767,0,0.085,1005,1005,82.95,82.95,6.946,10.9,0.91,99.09,1.013,PI081-03-01,2
45.992,3.335,16.324,1.767,9.321,0.099,6.975,10.669,3.524,1.25,0.668,0,0.074,1179,1179,82.95,82.95,10.911,10.9,-12.13,112.13,0.882,PI081-03-01,3
45.989,3.531,18.195,1.519,8.519,0.136,5.164,10.326,4.036,1.122,0.646,0,0.817,1074,1074,80.6,80.55,9.886,10.9,0,100,1,PI081-05-01,1
45.98,3.529,18.184,1.527,8.545,0.136,5.162,10.32,4.034,1.122,0.645,0,0.817,1074,1074,80.55,80.55,9.919,10.9,-0.04,100.04,0.999,PI081-05-01,2
45.614,3.413,17.587,1.679,9.412,0.132,5.784,9.98,3.902,1.085,0.624,0,0.79,1110,1110,80.55,80.55,10.923,10.9,-3.06,103.06,0.967,PI081-05-01,3
46.043,3.503,17.885,1.566,8.803,0.186,4.976,10.48,3.864,1.163,0.678,0,0.853,1062,1062,79.5,80.3,10.212,10.9,0,100,1,PI081-05-02,1
46.165,3.529,18.016,1.507,8.425,0.187,5.007,10.557,3.892,1.172,0.683,0,0.86,1062,1062,80.3,80.3,9.781,10.9,0.55,99.45,1.007,PI081-05-02,2
45.749,3.4,17.357,1.679,9.402,0.18,5.696,10.171,3.75,1.129,0.658,0,0.828,1104,1104,80.3,80.3,10.913,10.9,-2.8,102.8,0.97,PI081-05-02,3
46.042,4.683,17.867,1.437,8.16,0.175,5.193,10.376,3.723,1.242,0.654,0,0.447,1071,1071,81.27,79.98,9.453,10.9,0,100,1,PI081-05-03,1
45.843,4.627,17.653,1.539,8.779,0.173,5.143,10.251,3.678,1.227,0.646,0,0.441,1071,1071,79.98,79.98,10.164,10.9,-0.91,100.91,0.988,PI081-05-03,2
45.577,4.516,17.23,1.65,9.417,0.169,5.584,10.006,3.59,1.198,0.631,0,0.431,1098,1098,79.98,79.98,10.902,10.9,-3.1,103.1,0.964,PI081-05-03,3
49.758,2.295,17.849,1.188,6.596,0.199,5.279,9.228,4.327,1.35,0.556,0,1.374,1102,1102,84.17,82.65,7.666,10.9,0,100,1,PI082-02-01,1
49.49,2.265,17.613,1.308,7.29,0.196,5.227,9.106,4.27,1.333,0.549,0,1.356,1102,1102,82.65,82.65,8.467,10.9,-0.99,100.99,0.987,PI082-02-01,2
48.306,2.074,16.129,1.686,9.39,0.179,7.021,8.339,3.91,1.22,0.503,0,1.242,1205,1205,82.65,82.65,10.907,10.9,-9.26,109.26,0.904,PI082-02-01,3
48.294,2.438,14.376,1.454,6.223,0.075,6.16,13.961,3.699,1.422,0.639,0,1.257,1126,1126,86.66,88.11,7.531,10.9,0,100,1,PI082-03-02,1
48.566,2.474,14.587,1.3,5.499,0.076,6.212,14.166,3.753,1.443,0.648,0,1.276,1126,1126,88.11,88.11,6.669,10.9,1.06,98.94,1.015,PI082-03-02,2
46.409,2.013,11.87,1.983,9.116,0.062,11.224,11.528,3.054,1.174,0.528,0,1.038,1363,1363,88.11,88.11,10.9,10.9,-19.39,119.39,0.826,PI082-03-02,3
49.649,2.63,17.232,1.346,7.458,0.161,4.908,8.765,4.368,1.448,0.694,0,1.341,1091,1091,81.52,81.3,8.669,10.9,0,100,1,PI082-05-01,1
49.61,2.625,17.199,1.365,7.556,0.161,4.901,8.749,4.359,1.445,0.693,0,1.339,1091,1091,81.3,81.3,8.784,10.9,-0.14,100.14,0.998,PI082-05-01,2
48.548,2.433,15.941,1.71,9.471,0.149,6.378,8.109,4.04,1.339,0.642,0,1.241,1181,1181,81.3,81.3,11.009,10.9,-7.15,107.15,0.925,PI082-05-01,3
50.257,2.072,14.35,1.322,6.405,0.123,6.939,13.873,3.082,0.469,0.331,0,0.776,1142,1142,86.91,87.58,7.594,10.9,0,100,1,PI085-01-01,1
50.4,2.086,14.45,1.256,6.054,0.124,6.969,13.969,3.104,0.473,0.334,0,0.781,1142,1142,87.58,87.58,7.184,10.9,0.51,99.49,1.007,PI085-01-01,2
48.158,1.738,12.039,1.844,9.249,0.103,11.323,11.638,2.586,0.394,0.278,0,0.651,1339,1339,87.58,87.58,10.908,10.9,-17.56,117.56,0.839,PI085-01-01,3
50.706,1.954,14.295,1.253,6.11,0.169,6.805,13.837,3.047,0.458,0.538,0,0.827,1135,1135,87.2,87.66,7.237,10.9,0,100,1,PI085-01-06,1
50.803,1.963,14.361,1.209,5.874,0.169,6.826,13.901,3.061,0.46,0.541,0,0.831,1135,1135,87.66,87.66,6.963,10.9,0.34,99.66,1.005,PI085-01-06,2
48.368,1.616,11.826,1.833,9.258,0.14,11.483,11.447,2.521,0.379,0.445,0,0.684,1345,1345,87.66,87.66,10.907,10.9,-19.04,119.04,0.827,PI085-01-06,3
47.966,2.384,15.076,1.594,7.815,0.125,6.44,13.29,3.102,0.959,0.371,0,0.876,1125,1125,84.04,85.21,9.25,10.9,0,100,1,PI085-02-01,1
48.195,2.414,15.266,1.48,7.196,0.126,6.49,13.457,3.141,0.972,0.376,0,0.887,1125,1125,85.21,85.21,8.528,10.9,0.92,99.08,1.013,PI085-02-01,2
47.056,2.186,13.822,1.855,9.241,0.114,8.675,12.184,2.844,0.88,0.34,0,0.803,1233,1233,85.21,85.21,10.91,10.9,-8.37,108.37,0.917,PI085-02-01,3
47.874,2.391,15.25,1.64,8.162,0.152,6.267,12.719,3.114,1.166,0.396,0,0.869,1125,1125,83.17,84.51,9.637,10.9,0,100,1,PI085-02-05,1
48.135,2.425,15.469,1.511,7.455,0.154,6.323,12.902,3.159,1.183,0.402,0,0.882,1125,1125,84.51,84.51,8.815,10.9,1.06,98.94,1.014,PI085-02-05,2
47.153,2.23,14.223,1.84,9.251,0.142,8.125,11.862,2.905,1.088,0.37,0,0.811,1217,1217,84.51,84.51,10.907,10.9,-6.71,106.71,0.933,PI085-02-05,3
49.116,2.567,14.8,1.422,6.857,0.132,6.614,13.452,3.207,0.843,0.308,0,0.683,1136,1136,85.86,86.4,8.137,10.9,0,100,1,PI085-03-02,1
49.227,2.582,14.884,1.369,6.571,0.133,6.637,13.529,3.225,0.848,0.31,0,0.687,1136,1136,86.41,86.4,7.803,10.9,0.42,99.58,1.006,PI085-03-02,2
47.581,2.247,12.953,1.86,9.23,0.116,9.828,11.773,2.807,0.738,0.269,0,0.598,1288,1288,86.4,86.4,10.904,10.9,-12.97,112.97,0.875,PI085-03-02,3
47.679,2.547,14.536,1.549,7.284,0.131,6.922,13.299,3.036,1.345,0.758,0,0.913,1154,1154,85.86,86.58,8.678,10.9,0,100,1,PI085-04-02,1
47.825,2.568,14.656,1.472,6.883,0.132,6.951,13.409,3.061,1.356,0.765,0,0.921,1154,1154,86.58,86.58,8.208,10.9,0.61,99.39,1.008,PI085-04-02,2
46.528,2.273,12.971,1.899,9.2,0.117,9.745,11.867,2.709,1.2,0.677,0,0.815,1286,1286,86.58,86.58,10.909,10.9,-11.04,111.04,0.892,PI085-04-02,3
49.17,2.403,14.797,1.447,6.985,0.144,6.022,13.844,2.941,1.045,0.341,0,0.861,1102,1102,84.59,86.41,8.287,10.9,0,100,1,PI085-05-01,1
49.514,2.445,15.056,1.278,6.098,0.146,6.099,14.087,2.992,1.063,0.347,0,0.876,1102,1102,86.41,86.41,7.248,10.9,1.27,98.73,1.017,PI085-05-01,2
47.573,2.079,12.805,1.86,9.234,0.125,9.854,11.981,2.545,0.904,0.295,0,0.745,1285,1285,86.41,86.41,10.908,10.9,-14.36,114.36,0.865,PI085-05-01,3
48.585,2.227,15.267,1.264,5.418,0.072,6.099,14.151,3.75,1.559,0.588,0,1.019,1123,1123,88.11,87.09,6.556,10.9,0,100,1,PI089-01-02,1
48.396,2.205,15.114,1.374,5.919,0.071,6.063,14.01,3.713,1.543,0.583,0,1.009,1123,1123,87.09,87.09,7.155,10.9,-0.74,100.74,0.99,PI089-01-02,2
46.562,1.861,12.757,1.98,9.12,0.06,10.056,11.824,3.133,1.302,0.492,0,0.852,1320,1320,87.09,87.09,10.901,10.9,-17.5,117.5,0.836,PI089-01-02,3
48.576,2.75,17.543,1.5,8.242,0.148,5.243,9.1,4.337,1.393,0.535,0,0.633,1114,1114,80.97,81.97,9.592,10.9,0,100,1,PI089-02-01,1
48.757,2.777,17.71,1.42,7.759,0.15,5.277,9.187,4.378,1.406,0.54,0,0.639,1114,1114,81.97,81.97,9.037,10.9,0.71,99.29,1.01,PI089-02-01,2
47.894,2.599,16.58,1.712,9.374,0.14,6.582,8.6,4.098,1.316,0.506,0,0.598,1191,1191,81.97,81.97,10.915,10.9,-5.31,105.31,0.945,PI089-02-01,3
48.463,2.468,17.527,1.433,7.716,0.176,5.345,9.699,4.251,1.401,0.516,0,1.006,1109,1109,82.26,83.01,9.006,10.9,0,100,1,PI089-03-02,1
48.596,2.485,17.65,1.372,7.357,0.177,5.371,9.767,4.281,1.411,0.52,0,1.013,1109,1109,83.01,83.01,8.592,10.9,0.52,99.48,1.007,PI089-03-02,2
47.534,2.284,16.22,1.734,9.344,0.163,7.105,8.976,3.934,1.297,0.478,0,0.931,1208,1208,83.01,83.01,10.905,10.9,-7.29,107.29,0.925,PI089-03-02,3
47.706,2.975,17.203,1.57,8.484,0.174,5.42,9.789,4.164,1.277,0.569,0,0.67,1112,1112,81.04,81.69,9.896,10.9,0,100,1,PI089-04-01,1
47.822,2.994,17.313,1.517,8.163,0.175,5.442,9.852,4.191,1.285,0.573,0,0.674,1112,1112,81.69,81.69,9.528,10.9,0.48,99.52,1.006,PI089-04-01,2
47.228,2.854,16.502,1.731,9.345,0.167,6.376,9.39,3.994,1.225,0.546,0,0.642,1166,1166,81.69,81.69,10.902,10.9,-3.87,103.87,0.959,PI089-04-01,3
50.469,2.5,19.626,1.042,6.407,0.108,3.669,10.675,3.525,1.488,0.489,0,0.003,990,990,79.62,83.74,7.345,10.9,0,100,1,PI089-05-02,1
50.996,2.561,20.102,0.827,5.029,0.11,3.802,10.934,3.61,1.524,0.501,0,0.003,990,990,83.74,83.74,5.774,10.9,1.74,98.26,1.024,PI089-05-02,2
48.366,2.118,16.631,1.621,9.498,0.091,7.965,9.046,2.987,1.261,0.414,0,0.002,1239,1239,83.74,83.74,10.957,10.9,-16.52,116.52,0.847,PI089-05-02,3
50.745,2.354,15.92,1.317,7.071,0.076,5.813,10.606,4.097,0.419,0.493,0,1.089,1116,1116,83.89,83.74,8.256,10.9,0,100,1,PI097-02-01,1
50.714,2.35,15.896,1.332,7.144,0.076,5.807,10.591,4.091,0.418,0.492,0,1.088,1116,1116,83.74,83.74,8.343,10.9,-0.11,100.11,0.999,PI097-02-01,2
49.276,2.124,14.362,1.741,9.396,0.069,7.962,9.569,3.696,0.378,0.445,0,0.983,1231,1231,83.74,83.74,10.963,10.9,-9.68,109.68,0.902,PI097-02-01,3
50.798,2.478,16.014,1.206,6.407,0.114,5.866,10.833,3.881,0.755,0.468,0,1.181,1116,1116,85.33,84.23,7.492,10.9,0,100,1,PI097-02-02,1
50.583,2.453,15.851,1.3,6.932,0.112,5.823,10.723,3.842,0.747,0.464,0,1.169,1116,1116,84.23,84.23,8.102,10.9,-0.76,100.76,0.99,PI097-02-02,2
49.048,2.196,14.19,1.739,9.341,0.101,8.216,9.6,3.439,0.669,0.415,0,1.046,1243,1243,84.23,84.23,10.906,10.9,-11.32,111.32,0.886,PI097-02-02,3
48.543,2.853,16.455,1.345,7.046,0.115,6.043,10.707,3.951,1.045,0.644,0,1.253,1124,1124,84.84,84.11,8.257,10.9,0,100,1,PI097-02-03,1
48.403,2.832,16.334,1.413,7.419,0.114,6.015,10.628,3.921,1.037,0.639,0,1.244,1124,1124,84.11,84.11,8.69,10.9,-0.55,100.55,0.993,PI097-02-03,2
47.36,2.597,14.979,1.76,9.325,0.105,7.854,9.746,3.596,0.951,0.586,0,1.141,1221,1221,84.11,84.11,10.909,10.9,-8.69,108.69,0.91,PI097-02-03,3
48.979,2.815,16.393,1.297,7.298,0.123,6.189,10.531,3.281,1.055,0.673,0,1.367,1119,1119,84.43,84.59,8.465,10.9,0,100,1,PI097-03-02,1
49.01,2.819,16.418,1.286,7.215,0.123,6.195,10.547,3.286,1.057,0.674,0,1.369,1119,1119,84.6,84.59,8.372,10.9,0.12,99.88,1.002,PI097-03-02,2
47.747,2.545,14.821,1.675,9.399,0.111,8.416,9.521,2.967,0.954,0.608,0,1.236,1232,1232,84.59,84.59,10.906,10.9,-9.54,109.54,0.904,PI097-03-02,3
48.604,2.897,16.927,1.305,7.377,0.106,5.988,10.05,3.385,1.376,0.651,0,1.334,1118,1118,84.06,84.69,8.551,10.9,0,100,1,PI097-05-02,1
48.721,2.915,17.031,1.254,7.06,0.107,6.013,10.112,3.406,1.384,0.655,0,1.342,1118,1118,84.69,84.69,8.189,10.9,0.45,99.55,1.006,PI097-05-02,2
47.393,2.61,15.25,1.677,9.426,0.095,8.417,9.055,3.049,1.239,0.587,0,1.201,1242,1242,84.69,84.69,10.935,10.9,-9.97,109.97,0.901,PI097-05-02,3
50.038,2.915,17.805,1.18,6.582,0.103,4.922,8.629,4.413,1.611,0.494,0,1.308,1092,1092,83.4,82.42,7.644,10.9,0,100,1,PI098-01-01,1
49.871,2.891,17.662,1.253,7.007,0.103,4.89,8.56,4.377,1.598,0.49,0,1.298,1092,1092,82.42,82.42,8.135,10.9,-0.6,100.6,0.992,PI098-01-01,2
48.515,2.621,16.011,1.685,9.393,0.093,6.884,7.76,3.968,1.449,0.444,0,1.176,1211,1211,82.42,82.42,10.909,10.9,-9.82,109.82,0.899,PI098-01-01,3
49.038,2.906,17.726,1.203,6.54,0.152,5.241,9.247,4.27,1.658,0.664,0,1.357,1101,1101,84.37,83.05,7.622,10.9,0,100,1,PI098-02-01,1
48.811,2.872,17.52,1.309,7.144,0.15,5.197,9.14,4.221,1.638,0.657,0,1.341,1101,1101,83.05,83.05,8.322,10.9,-0.87,100.87,0.988,PI098-02-01,2
47.607,2.612,15.936,1.715,9.383,0.137,7.151,8.313,3.839,1.49,0.597,0,1.22,1213,1213,83.05,83.05,10.926,10.9,-9.79,109.79,0.899,PI098-02-01,3
50.429,2.857,17.112,1.211,6.795,0.126,4.96,9.117,4.254,1.198,0.613,0,1.327,1084,1084,82.83,81.52,7.885,10.9,0,100,1,PI098-04-01,1
50.201,2.826,16.928,1.309,7.366,0.124,4.915,9.018,4.208,1.185,0.606,0,1.313,1084,1084,81.52,81.52,8.543,10.9,-0.81,100.81,0.989,PI098-04-01,2
49.025,2.605,15.602,1.674,9.402,0.115,6.526,8.312,3.879,1.092,0.559,0,1.21,1180,1180,81.52,81.52,10.908,10.9,-8.42,108.42,0.912,PI098-04-01,3
49.569,2.711,17.112,1.407,7.758,0.137,4.786,8.895,4.558,1.157,0.635,0,1.274,1083,1083,80.55,82.08,9.025,10.9,0,100,1,PI098-04-02,1
49.829,2.746,17.332,1.295,7.089,0.138,4.838,9.01,4.617,1.172,0.643,0,1.291,1083,1083,82.08,82.08,8.255,10.9,0.95,99.05,1.013,PI098-04-02,2
48.498,2.495,15.747,1.723,9.447,0.126,6.763,8.186,4.194,1.065,0.584,0,1.173,1198,1198,82.08,82.08,10.998,10.9,-7.91,107.91,0.92,PI098-04-02,3
48.888,2.842,14.735,1.372,6.226,0.119,6.134,14.071,3.281,1.269,0.42,0,0.643,1117,1117,86.39,88.52,7.46,10.9,0,100,1,PI099-01-01,1
49.285,2.9,15.039,1.16,5.188,0.121,6.216,14.362,3.349,1.295,0.429,0,0.656,1117,1117,88.52,88.52,6.231,10.9,1.49,98.51,1.021,PI099-01-01,2
46.731,2.288,11.865,1.911,9.185,0.096,12.074,11.33,2.642,1.022,0.338,0,0.518,1387,1387,88.52,88.52,10.905,10.9,-22.4,122.4,0.805,PI099-01-01,3
48.16,2.673,14.351,1.47,6.75,0.165,6.129,14.115,3.004,1.293,0.61,0,1.279,1104,1104,85.46,87.77,8.074,10.9,0,100,1,PI099-03-01,1
48.583,2.734,14.678,1.241,5.608,0.168,6.224,14.437,3.072,1.323,0.624,0,1.308,1104,1104,87.77,87.77,6.725,10.9,1.64,98.36,1.023,PI099-03-01,2
46.467,2.238,12.014,1.907,9.185,0.138,11.055,11.817,2.514,1.083,0.511,0,1.071,1330,1330,87.77,87.77,10.902,10.9,-18.06,118.06,0.837,PI099-03-01,3
48.045,3.155,15.089,1.461,7.011,0.106,6.343,13.536,3.101,1.157,0.567,0,0.428,1123,1123,85.32,85.94,8.326,10.9,0,100,1,PI099-04-01,1
48.162,3.175,15.185,1.402,6.693,0.107,6.368,13.622,3.12,1.165,0.571,0,0.431,1123,1123,85.94,85.94,7.955,10.9,0.47,99.53,1.006,PI099-04-01,2
46.749,2.795,13.369,1.871,9.228,0.094,9.248,11.992,2.747,1.025,0.502,0,0.379,1264,1264,85.94,85.94,10.911,10.9,-11.7,111.7,0.886,PI099-04-01,3
47.467,2.9,14.608,1.583,7.141,0.144,5.93,14.167,3.047,1.569,0.471,0,0.974,1103,1103,84.52,87.05,8.565,10.9,0,100,1,PI099-05-01,1
47.916,2.973,14.976,1.33,5.894,0.148,6.028,14.523,3.123,1.608,0.482,0,0.998,1103,1103,87.05,87.05,7.091,10.9,1.81,98.19,1.025,PI099-05-01,2
46.131,2.502,12.605,1.942,9.155,0.124,10.087,12.224,2.629,1.353,0.406,0,0.84,1300,1300,87.05,87.05,10.902,10.9,-14.81,114.81,0.863,PI099-05-01,3
53.561,1.807,16.246,1.259,6.985,0.132,5.022,9.529,4.403,0.491,0.334,0,0.23,1107,1107,81.83,81.27,8.119,10.9,0,100,1,PI112-01-02,1
53.451,1.799,16.172,1.301,7.224,0.131,5.003,9.486,4.383,0.488,0.332,0,0.229,1107,1107,81.27,81.27,8.395,10.9,-0.34,100.34,0.995,PI112-01-02,2
51.928,1.648,14.819,1.693,9.379,0.12,6.741,8.692,4.017,0.447,0.305,0,0.21,1212,1212,81.27,81.27,10.903,10.9,-8.5,108.5,0.912,PI112-01-02,3
48.124,3.389,16.765,1.651,9.009,0.181,5.04,9.442,3.956,1.555,0.626,0,0.262,1104,1104,78.94,80.02,10.494,10.9,0,100,1,PI112-03-01,1
48.315,3.424,16.938,1.565,8.494,0.183,5.076,9.54,3.997,1.571,0.633,0,0.265,1104,1104,80.02,80.02,9.902,10.9,0.77,99.23,1.01,PI112-03-01,2
47.864,3.31,16.373,1.725,9.38,0.177,5.7,9.222,3.863,1.519,0.612,0,0.256,1143,1143,80.02,80.02,10.932,10.9,-2.26,102.26,0.977,PI112-03-01,3
50.826,2.975,16.031,1.346,7.33,0.152,5.409,10.205,3.807,0.995,0.521,0,0.404,1111,1111,82.52,82.19,8.541,10.9,0,100,1,PI112-04-02,1
50.764,2.966,15.984,1.374,7.48,0.152,5.397,10.175,3.796,0.992,0.519,0,0.402,1111,1111,82.19,82.19,8.716,10.9,-0.22,100.22,0.997,PI112-04-02,2
49.595,2.74,14.767,1.716,9.369,0.14,6.997,9.401,3.507,0.916,0.48,0,0.372,1202,1202,82.19,82.19,10.913,10.9,-7.58,107.58,0.921,PI112-04-02,3
50.706,2.339,14.125,1.306,6.558,0.069,8.062,11.893,3.193,0.698,0.334,0,0.717,1219,1219,88.05,86.11,7.733,10.9,0,100,1,PI116-04-01,1
50.206,2.282,13.779,1.524,7.734,0.067,7.986,11.601,3.115,0.681,0.326,0,0.699,1219,1219,86.11,86.11,9.105,10.9,-1.88,101.88,0.975,PI116-04-01,2
49.12,2.1,12.683,1.806,9.28,0.062,9.833,10.679,2.867,0.627,0.3,0,0.644,1304,1304,86.11,86.11,10.905,10.9,-9.85,109.85,0.898,PI116-04-01,3
52.054,2.398,15.031,1.161,5.5,0.111,3.691,14.346,3.432,0.895,0.413,0,0.969,972,972,81.71,86.22,6.545,10.9,0,100,1,PI116-04-02,1
52.654,2.46,15.416,0.877,4.074,0.114,3.838,14.714,3.52,0.917,0.423,0,0.993,972,972,86.22,86.22,4.863,10.9,1.8,98.2,1.026,PI116-04-02,2
49.058,1.913,11.991,1.867,9.221,0.089,9.864,11.445,2.738,0.714,0.329,0,0.773,1302,1302,86.22,86.22,10.901,10.9,-23.32,123.32,0.798,PI116-04-02,3
51.297,2.054,15.48,1.379,7.711,0.144,5.501,10.71,3.416,0.632,0.235,0,1.442,1094,1094,81.75,82.75,8.951,10.9,0,100,1,PI032-04-03,1
51.493,2.073,15.618,1.301,7.247,0.145,5.542,10.805,3.446,0.637,0.237,0,1.455,1094,1094,82.75,82.75,8.418,10.9,0.66,99.34,1.009,PI032-04-03,2
50.086,1.889,14.235,1.686,9.395,0.132,7.463,9.849,3.141,0.581,0.216,0,1.326,1199,1199,82.75,82.75,10.912,10.9,-7.97,107.97,0.92,PI032-04-03,3
48.011,3.017,15.987,1.669,9.233,0.163,5.25,9.974,3.932,0.774,0.512,0,1.479,1086,1086,78.99,77.98,10.735,10.9,0,100,1,PI041-02-01,1
47.827,2.987,15.828,1.753,9.729,0.161,5.21,9.875,3.893,0.766,0.507,0,1.464,1086,1086,77.98,77.98,11.306,10.9,-0.76,100.76,0.99,PI041-02-01,2
48,3.026,16.033,1.691,9.376,0.163,4.991,10.002,3.944,0.776,0.513,0,1.483,1072,1072,77.98,77.98,10.898,10.9,0.38,99.62,1.003,PI041-02-01,3
45.828,4.04,18.075,1.663,8.819,0.135,4.445,9.779,4.572,1.571,0.792,0,0.28,1061,1061,78.15,77.97,10.316,10.9,0,100,1,PI041-04-04,1
45.801,4.033,18.046,1.68,8.899,0.135,4.44,9.763,4.565,1.568,0.791,0,0.279,1061,1061,77.97,77.97,10.411,10.9,-0.12,100.12,0.998,PI041-04-04,2
45.626,3.972,17.774,1.758,9.331,0.133,4.696,9.616,4.496,1.545,0.779,0,0.275,1079,1079,77.97,77.97,10.913,10.9,-1.47,101.47,0.983,PI041-04-04,3
47.203,3.924,17.017,1.424,7.73,0.146,4.879,11.269,3.478,1.382,0.686,0,0.863,1052,1052,81.08,82.01,9.011,10.9,0,100,1,PI041-07-06,1
47.344,3.955,17.151,1.355,7.315,0.148,4.915,11.358,3.506,1.393,0.691,0,0.869,1052,1052,82.01,82.01,8.534,10.9,0.58,99.42,1.008,PI041-07-06,2
46.36,3.634,15.757,1.731,9.412,0.136,6.603,10.434,3.221,1.28,0.635,0,0.799,1150,1150,82.01,82.01,10.97,10.9,-7.22,107.22,0.926,PI041-07-06,3
47.504,2.677,15.276,1.342,6.27,0.137,6.921,12.829,3.187,1.789,0.985,0,1.085,1160,1160,87.76,88.03,7.477,10.9,0,100,1,PI052-03-04,1
47.556,2.685,15.321,1.314,6.121,0.137,6.931,12.867,3.197,1.795,0.988,0,1.088,1160,1160,88.03,88.03,7.304,10.9,0.22,99.78,1.003,PI052-03-04,2
45.836,2.248,12.829,1.885,9.21,0.115,11.186,10.774,2.677,1.503,0.827,0,0.911,1355,1355,88.03,88.03,10.906,10.9,-17.32,117.32,0.84,PI052-03-04,3
46.354,3.832,16.248,1.642,8.74,0.134,5.414,11.104,3.502,1.265,0.567,0,1.198,1082,1082,80.66,81.99,10.217,10.9,0,100,1,PI054-02-04,1
46.574,3.882,16.46,1.531,8.085,0.136,5.467,11.248,3.547,1.281,0.575,0,1.214,1082,1082,81.99,81.99,9.463,10.9,0.96,99.04,1.013,PI054-02-04,2
45.98,3.679,15.599,1.766,9.395,0.128,6.52,10.66,3.362,1.214,0.545,0,1.151,1141,1141,81.99,81.99,10.984,10.9,-3.89,103.89,0.96,PI054-02-04,3
48.862,2.825,16.718,1.531,9.116,0.136,4.787,9.701,3.584,0.88,0.351,0,1.509,1057,1057,77.6,78.51,10.494,10.9,0,100,1,PI054-06-03,1
49.015,2.847,16.849,1.47,8.708,0.137,4.823,9.777,3.612,0.886,0.354,0,1.521,1057,1057,78.51,78.51,10.031,10.9,0.58,99.42,1.008,PI054-06-03,2
48.616,2.769,16.383,1.602,9.474,0.134,5.318,9.507,3.512,0.862,0.344,0,1.479,1088,1088,78.51,78.51,10.916,10.9,-1.92,101.92,0.98,PI054-06-03,3
47.635,3.864,16.685,1.63,9.644,0.136,4.799,7.855,4.065,1.388,0.697,0,1.601,1081,1081,77.16,76.84,11.111,10.9,0,100,1,PI067-02-04,1
47.579,3.852,16.633,1.657,9.798,0.136,4.787,7.83,4.053,1.384,0.695,0,1.596,1081,1081,76.84,76.84,11.289,10.9,-0.24,100.24,0.997,PI067-02-04,2
47.742,3.899,16.835,1.597,9.452,0.138,4.59,7.925,4.102,1.4,0.703,0,1.615,1067,1067,76.84,76.84,10.89,10.9,0.83,99.17,1.009,PI067-02-04,3
48.895,3.672,17.59,1.396,8.772,0.171,4.237,7.754,3.798,1.602,0.813,0,1.299,1047,1047,76.67,78.97,10.028,10.9,0,100,1,PI067-02-05,1
49.248,3.738,17.905,1.256,7.822,0.174,4.317,7.893,3.866,1.631,0.827,0,1.323,1047,1047,78.97,78.97,8.952,10.9,1.32,98.68,1.018,PI067-02-05,2
48.379,3.516,16.843,1.545,9.511,0.164,5.424,7.425,3.637,1.534,0.778,0,1.244,1119,1119,78.97,78.97,10.902,10.9,-4.18,104.18,0.958,PI067-02-05,3
47.574,3.69,16.746,1.644,9.568,0.157,4.671,8.128,4.083,1.472,0.701,0,1.565,1074,1074,76.93,76.48,11.048,10.9,0,100,1,PI067-03-04,1
47.498,3.675,16.677,1.68,9.777,0.157,4.655,8.094,4.066,1.466,0.698,0,1.558,1074,1074,76.48,76.48,11.289,10.9,-0.32,100.32,0.996,PI067-03-04,2
47.663,3.72,16.881,1.619,9.424,0.159,4.459,8.193,4.116,1.484,0.706,0,1.577,1061,1061,76.48,76.48,10.881,10.9,0.75,99.25,1.008,PI067-03-04,3
47.565,3.609,17.459,1.609,9.515,0.147,4.457,7.786,4.267,1.551,0.792,0,1.242,1069,1069,76.37,76.21,10.964,10.9,0,100,1,PI067-05-04,1
47.538,3.603,17.433,1.624,9.588,0.147,4.452,7.774,4.261,1.548,0.791,0,1.24,1069,1069,76.21,76.21,11.05,10.9,-0.11,100.11,0.999,PI067-05-04,2
47.602,3.62,17.515,1.6,9.451,0.148,4.377,7.811,4.281,1.556,0.795,0,1.246,1063,1063,76.21,76.21,10.891,10.9,0.3,99.7,1.003,PI067-05-04,3
47.156,3.72,17.471,1.627,9.738,0.157,4.391,8.032,4.135,1.461,0.797,0,1.318,1057,1057,75.72,76.13,11.201,10.9,0,100,1,PI067-05-05,1
47.219,3.733,17.533,1.601,9.553,0.157,4.406,8.06,4.15,1.466,0.799,0,1.323,1057,1057,76.13,76.13,10.994,10.9,0.27,99.73,1.004,PI067-05-05,2
47.258,3.744,17.584,1.587,9.467,0.158,4.359,8.084,4.162,1.47,0.802,0,1.326,1054,1054,76.13,76.13,10.894,10.9,0.53,99.47,1.006,PI067-05-05,3
50.983,2.06,16.642,1.216,6.858,0.143,5.747,10.045,3.859,0.702,0.474,0,1.271,1112,1112,84.16,83.23,7.953,10.9,0,100,1,PI071-03-04,1
50.802,2.042,16.501,1.291,7.298,0.142,5.711,9.96,3.826,0.696,0.47,0,1.261,1112,1112,83.23,83.23,8.46,10.9,-0.63,100.63,0.992,PI071-03-04,2
49.468,1.862,15.045,1.667,9.402,0.129,7.645,9.081,3.489,0.635,0.428,0,1.149,1217,1217,83.23,83.23,10.902,10.9,-9.35,109.35,0.904,PI071-03-04,3
48.893,4.578,13.894,2.048,11.087,0.209,3.973,9.176,3.318,1.885,0.875,0,0.064,1062,1062,70.66,80.59,12.93,10.9,0,100,1,PI072-03-06,1
50.555,4.964,15.066,1.339,6.941,0.226,4.299,9.95,3.598,2.044,0.949,0,0.07,1062,1062,80.59,80.59,8.146,10.9,5.96,94.04,1.084,PI072-03-06,2
49.198,4.533,13.757,1.779,9.311,0.206,6.047,9.086,3.285,1.867,0.866,0,0.064,1175,1175,80.59,80.59,10.912,10.9,-1.95,101.95,0.99,PI072-03-06,3
46.412,4.333,16.397,1.779,10.174,0.178,4.951,9.122,3.846,1.196,0.567,0,1.045,1078,1078,76.77,78.09,11.774,10.9,0,100,1,PI072-05-04,1
46.632,4.389,16.61,1.677,9.529,0.181,5.001,9.24,3.896,1.212,0.574,0,1.059,1078,1078,78.09,78.09,11.038,10.9,0.97,99.03,1.013,PI072-05-04,2
46.687,4.409,16.685,1.655,9.404,0.181,4.925,9.282,3.913,1.217,0.577,0,1.064,1073,1073,78.09,78.09,10.894,10.9,1.37,98.63,1.018,PI072-05-04,3
46.08,4.223,18.267,1.549,9.109,0.164,4.674,9.801,3.795,1.323,0.59,0,0.426,1053,1053,77.98,78.17,10.503,10.9,0,100,1,PI072-05-05,1
46.107,4.23,18.296,1.539,9.024,0.164,4.681,9.817,3.801,1.325,0.591,0,0.426,1053,1053,78.17,78.17,10.408,10.9,0.12,99.88,1.002,PI072-05-05,2
45.929,4.166,18.018,1.613,9.453,0.162,4.944,9.668,3.743,1.305,0.582,0,0.42,1070,1070,78.17,78.17,10.904,10.9,-1.24,101.24,0.986,PI072-05-05,3
46.377,3.349,18.542,1.385,7.49,0.178,4.794,10.147,4.279,1.592,1.246,0,0.62,1065,1065,81.74,80.38,8.737,10.9,0,100,1,PI074-05-04,1
46.176,3.309,18.323,1.492,8.104,0.176,4.747,10.027,4.229,1.573,1.232,0,0.613,1065,1065,80.38,80.38,9.446,10.9,-0.89,100.89,0.988,PI074-05-04,2
45.645,3.155,17.47,1.718,9.364,0.167,5.632,9.56,4.032,1.499,1.174,0,0.584,1120,1120,80.38,80.38,10.91,10.9,-5.25,105.25,0.942,PI074-05-04,3
46.265,4.085,18.554,1.437,8.299,0.143,4.727,10.161,3.888,1.311,0.813,0,0.317,1053,1053,79.74,80.12,9.592,10.9,0,100,1,PI081-05-04,1
46.32,4.098,18.615,1.412,8.127,0.144,4.741,10.194,3.9,1.315,0.815,0,0.318,1053,1053,80.12,80.12,9.397,10.9,0.24,99.76,1.003,PI081-05-04,2
45.77,3.903,17.728,1.639,9.425,0.137,5.644,9.708,3.714,1.253,0.776,0,0.303,1108,1108,80.12,80.12,10.9,10.9,-4.17,104.17,0.955,PI081-05-04,3
48.633,2.744,17.287,1.318,7.492,0.231,5.46,9.743,3.695,1.338,0.552,0,1.505,1095,1095,82.81,83.31,8.679,10.9,0,100,1,PI082-02-04,1
48.721,2.756,17.366,1.28,7.252,0.232,5.48,9.788,3.712,1.344,0.555,0,1.511,1095,1095,83.31,83.31,8.405,10.9,0.34,99.66,1.005,PI082-02-04,2
47.552,2.51,15.817,1.665,9.414,0.212,7.428,8.914,3.381,1.224,0.505,0,1.377,1202,1202,83.31,83.31,10.912,10.9,-8.37,108.37,0.915,PI082-02-04,3
51.111,2.389,17.946,1.147,6.471,0.106,4.89,7.973,4.279,2.076,0.41,0,1.202,1108,1108,83.44,82.46,7.503,10.9,0,100,1,PI082-04-04,1
50.936,2.37,17.801,1.22,6.896,0.105,4.859,7.909,4.245,2.059,0.407,0,1.193,1108,1108,82.46,82.46,7.993,10.9,-0.6,100.6,0.992,PI082-04-04,2
49.37,2.131,16.007,1.686,9.466,0.094,7.028,7.112,3.817,1.851,0.366,0,1.073,1239,1239,82.46,82.46,10.983,10.9,-10.63,110.63,0.892,PI082-04-04,3
50.494,3.479,13.906,1.783,9.626,0.178,5.569,9.945,3.151,1.263,0.52,0,0.086,1136,1136,78.42,86,11.231,10.9,0,100,1,PI085-01-04,1
52.078,3.743,14.962,1.139,5.942,0.191,5.842,10.7,3.391,1.359,0.559,0,0.093,1136,1136,86,86,6.967,10.9,5.34,94.66,1.076,PI085-01-04,2
49.627,3.155,12.612,1.767,9.317,0.161,9.787,9.019,2.858,1.146,0.472,0,0.078,1339,1339,86,86,10.908,10.9,-10.54,110.54,0.907,PI085-01-04,3
49.516,2.323,14.373,1.395,6.646,0.135,6.619,14.13,2.946,0.803,0.264,0,0.849,1127,1127,86.14,87.55,7.902,10.9,0,100,1,PI085-01-05,1
49.801,2.356,14.58,1.256,5.925,0.137,6.68,14.333,2.989,0.814,0.268,0,0.862,1127,1127,87.55,87.55,7.055,10.9,1.05,98.95,1.014,PI085-01-05,2
47.615,1.956,12.105,1.866,9.226,0.114,11.124,11.9,2.481,0.676,0.222,0,0.715,1331,1331,87.54,87.55,10.905,10.9,-17.27,117.27,0.842,PI085-01-05,3
48.606,2.542,17.757,1.462,7.837,0.157,5.147,9.351,4.466,1.499,0.607,0,0.569,1111,1111,81.57,82.15,9.153,10.9,0,100,1,PI089-02-04,1
48.708,2.556,17.852,1.416,7.565,0.158,5.165,9.401,4.49,1.507,0.61,0,0.572,1111,1111,82.15,82.15,8.839,10.9,0.4,99.6,1.005,PI089-02-04,2
47.727,2.369,16.549,1.754,9.412,0.146,6.671,8.715,4.162,1.397,0.566,0,0.53,1201,1201,82.15,82.15,10.99,10.9,-6.56,106.56,0.932,PI089-02-04,3
49.32,2.333,17.61,1.393,7.69,0.157,5.262,9.433,4.359,1.133,0.52,0,0.79,1107,1107,81.91,81.82,8.943,10.9,0,100,1,PI089-02-05,1
49.302,2.331,17.594,1.403,7.736,0.157,5.259,9.424,4.355,1.132,0.52,0,0.789,1107,1107,81.82,81.82,8.998,10.9,-0.07,100.07,0.999,PI089-02-05,2
48.388,2.179,16.452,1.7,9.383,0.147,6.585,8.812,4.072,1.058,0.486,0,0.738,1185,1185,81.82,81.82,10.912,10.9,-6.25,106.25,0.934,PI089-02-05,3
48.047,2.983,16.308,1.649,8.879,0.13,5.727,9.511,4.05,1.23,0.528,0,0.957,1131,1131,80.96,81.8,10.363,10.9,0,100,1,PI089-04-03,1
48.21,3.01,16.453,1.576,8.441,0.132,5.757,9.596,4.086,1.241,0.533,0,0.966,1131,1131,81.8,81.8,9.859,10.9,0.67,99.33,1.009,PI089-04-03,2
47.737,2.9,15.854,1.739,9.34,0.127,6.479,9.247,3.937,1.196,0.514,0,0.931,1172,1172,81.8,81.8,10.905,10.9,-2.67,102.67,0.972,PI089-04-03,3
47.954,3.051,16.434,1.57,8.672,0.208,5.855,9.795,3.757,1.157,0.521,0,1.027,1125,1125,81.55,81.96,10.085,10.9,0,100,1,PI089-04-04,1
48.031,3.064,16.504,1.537,8.459,0.209,5.871,9.837,3.773,1.162,0.523,0,1.031,1125,1125,81.96,81.96,9.842,10.9,0.32,99.68,1.004,PI089-04-04,2
47.553,2.949,15.884,1.701,9.378,0.201,6.622,9.468,3.631,1.118,0.503,0,0.992,1166,1166,81.96,81.96,10.909,10.9,-3.14,103.14,0.967,PI089-04-04,3
49.471,2.701,16.105,1.259,6.42,0.129,5.711,12.171,3.731,0.778,0.512,0,1.014,1094,1094,85.19,86.05,7.552,10.9,0,100,1,PI097-01-03,1
49.624,2.721,16.228,1.187,6.022,0.13,5.745,12.263,3.759,0.784,0.516,0,1.021,1094,1094,86.05,86.05,7.09,10.9,0.56,99.44,1.008,PI097-01-03,2
47.629,2.311,13.779,1.791,9.297,0.11,9.508,10.412,3.192,0.666,0.438,0,0.867,1283,1283,86.05,86.05,10.908,10.9,-15.33,115.33,0.856,PI097-01-03,3
49.019,2.774,16.364,1.514,7.739,0.121,5.288,10.809,3.983,1.36,0.71,0,0.32,1108,1108,81.86,84.69,9.101,10.9,0,100,1,PI097-01-05,1
49.526,2.847,16.789,1.274,6.427,0.124,5.384,11.09,4.087,1.396,0.729,0,0.328,1108,1108,84.69,84.69,7.574,10.9,1.89,98.11,1.026,PI097-01-05,2
47.851,2.495,14.715,1.81,9.295,0.108,8.275,9.72,3.582,1.223,0.639,0,0.288,1266,1266,84.69,84.69,10.923,10.9,-10.47,110.47,0.899,PI097-01-05,3
49.108,2.848,16.752,1.279,7.249,0.142,5.967,10.456,3.425,0.995,0.495,0,1.284,1110,1110,84.11,84.42,8.4,10.9,0,100,1,PI097-03-01,1
49.166,2.857,16.802,1.255,7.093,0.143,5.98,10.488,3.435,0.998,0.497,0,1.287,1110,1110,84.42,84.42,8.222,10.9,0.22,99.78,1.003,PI097-03-01,2
47.826,2.567,15.095,1.668,9.409,0.128,8.299,9.422,3.086,0.897,0.446,0,1.157,1230,1230,84.42,84.42,10.911,10.9,-9.89,109.89,0.901,PI097-03-01,3
48.929,2.547,16.867,1.25,7.039,0.135,6.134,10.594,3.371,1.067,0.672,0,1.395,1115,1115,84.85,83.55,8.164,10.9,0,100,1,PI097-03-03,1
48.681,2.515,16.65,1.362,7.701,0.133,6.08,10.458,3.328,1.053,0.663,0,1.377,1115,1115,83.55,83.55,8.926,10.9,-0.97,100.97,0.987,PI097-03-03,2
47.731,2.33,15.428,1.664,9.41,0.123,7.671,9.691,3.084,0.976,0.615,0,1.276,1199,1199,83.55,83.55,10.908,10.9,-8.12,108.12,0.915,PI097-03-03,3
48.366,2.837,16.726,1.348,7.226,0.175,5.635,10.991,3.593,1.272,0.628,0,1.202,1098,1098,83.7,83.88,8.439,10.9,0,100,1,PI097-03-04,1
48.396,2.842,16.753,1.337,7.141,0.176,5.642,11.008,3.599,1.274,0.629,0,1.204,1098,1098,83.88,83.88,8.344,10.9,0.12,99.88,1.002,PI097-03-04,2
47.214,2.576,15.187,1.736,9.346,0.159,7.722,9.979,3.262,1.155,0.57,0,1.092,1210,1210,83.88,83.88,10.908,10.9,-9.08,109.08,0.908,PI097-03-04,3
49.295,2.69,16.506,1.294,7.187,0.168,6.131,10.217,3.524,1.124,0.541,0,1.323,1127,1127,84.55,84.02,8.351,10.9,0,100,1,PI097-03-06,1
49.191,2.675,16.419,1.341,7.456,0.167,6.11,10.162,3.505,1.118,0.539,0,1.316,1127,1127,84.02,84.02,8.662,10.9,-0.4,100.4,0.995,PI097-03-06,2
48.07,2.45,15.038,1.686,9.384,0.153,7.978,9.308,3.211,1.024,0.493,0,1.206,1224,1224,84.02,84.02,10.902,10.9,-8.66,108.66,0.911,PI097-03-06,3
49.35,2.793,16.893,1.324,7.373,0.111,4.818,10.795,3.571,1.182,0.491,0,1.297,1054,1054,81.25,83.45,8.565,10.9,0,100,1,PI097-04-05,1
49.704,2.842,17.19,1.169,6.44,0.113,4.901,10.985,3.633,1.203,0.5,0,1.319,1054,1054,83.45,83.45,7.491,10.9,1.28,98.72,1.018,PI097-04-05,2
48.037,2.505,15.148,1.699,9.378,0.1,7.588,9.68,3.202,1.06,0.44,0,1.163,1205,1205,83.45,83.45,10.907,10.9,-10.58,110.58,0.897,PI097-04-05,3
48.579,2.811,16.592,1.381,7.652,0.135,6.058,10.082,3.568,1.222,0.582,0,1.339,1125,1125,83.7,84.29,8.895,10.9,0,100,1,PI097-05-04,1
48.691,2.828,16.691,1.332,7.349,0.135,6.082,10.142,3.589,1.229,0.585,0,1.347,1125,1125,84.29,84.29,8.547,10.9,0.44,99.56,1.006,PI097-05-04,2
47.551,2.576,15.202,1.697,9.383,0.123,8.082,9.238,3.269,1.12,0.533,0,1.227,1230,1230,84.29,84.29,10.91,10.9,-8.29,108.29,0.916,PI097-05-04,3
47.613,2.879,15.5,1.564,7.051,0.117,5.953,13.616,3.586,1.507,0.434,0,0.181,1123,1123,84.79,85.72,8.458,10.9,0,100,1,PI099-02-04,1
47.784,2.907,15.648,1.469,6.58,0.119,5.986,13.745,3.62,1.521,0.438,0,0.182,1123,1123,85.72,85.72,7.902,10.9,0.7,99.3,1.01,PI099-02-04,2
46.418,2.564,13.802,1.954,9.148,0.105,8.803,12.124,3.193,1.342,0.386,0,0.161,1268,1268,85.72,85.72,10.907,10.9,-11.21,111.21,0.89,PI099-02-04,3
49.099,2.67,15.646,1.319,6.713,0.187,5.941,13.14,3.211,0.703,0.93,0,0.44,1095,1095,84.95,85.3,7.9,10.9,0,100,1,PI099-04-04,1
49.163,2.678,15.697,1.288,6.544,0.188,5.956,13.183,3.222,0.705,0.933,0,0.442,1095,1095,85.3,85.3,7.704,10.9,0.24,99.76,1.003,PI099-04-04,2
47.551,2.345,13.742,1.791,9.292,0.165,8.931,11.542,2.82,0.617,0.817,0,0.387,1244,1244,85.3,85.3,10.903,10.9,-12.5,112.5,0.878,PI099-04-04,3
47.186,3.589,15.72,1.987,9.966,0.212,4.569,10.09,3.974,1.957,0.582,0,0.167,1090,1090,75.93,86.75,11.754,10.9,0,100,1,PI099-05-05,1
48.953,3.947,17.287,1.086,5.153,0.233,4.9,11.096,4.37,2.152,0.64,0,0.183,1090,1090,86.75,86.75,6.13,10.9,6.86,93.14,1.1,PI099-05-05,2
46.651,3.218,14.095,1.867,9.222,0.19,9.721,9.047,3.563,1.755,0.522,0,0.149,1352,1352,86.75,86.75,10.902,10.9,-12.04,112.04,0.897,PI099-05-05,3
48.289,2.245,17.509,1.447,7.516,0.204,4.993,11.201,4.19,1.138,0.705,0,0.563,1077,1077,81.73,81.32,8.818,10.9,0,100,1,PI116-02-06,1
48.22,2.236,17.446,1.481,7.702,0.204,4.978,11.161,4.175,1.134,0.702,0,0.561,1077,1077,81.32,81.32,9.034,10.9,-0.27,100.27,0.996,PI116-02-06,2
47.391,2.095,16.345,1.781,9.343,0.191,6.24,10.457,3.911,1.063,0.658,0,0.525,1153,1153,81.32,81.32,10.945,10.9,-6.26,106.26,0.934,PI116-02-06,3
49.079,2.409,17.395,1.222,6.96,0.211,5.011,10.901,3.396,1.207,0.621,0,1.586,1054,1054,82.66,81.46,8.06,10.9,0,100,1,PI116-02-07,1
48.884,2.385,17.225,1.31,7.484,0.209,4.964,10.795,3.363,1.195,0.615,0,1.571,1054,1054,81.46,81.46,8.663,10.9,-0.73,100.73,0.99,PI116-02-07,2
47.862,2.208,15.94,1.651,9.424,0.194,6.49,9.99,3.112,1.106,0.569,0,1.454,1142,1142,81.46,81.46,10.91,10.9,-7.94,107.94,0.916,PI116-02-07,3
48.199,2.362,18.001,1.282,7.363,0.158,4.963,10.191,3.856,1.139,0.712,0,1.776,1056,1056,81.96,82.12,8.517,10.9,0,100,1,PI116-02-09,1
48.222,2.365,18.023,1.273,7.295,0.158,4.969,10.203,3.86,1.14,0.713,0,1.778,1056,1056,82.12,82.12,8.44,10.9,0.09,99.91,1.001,PI116-02-09,2
47.154,2.169,16.534,1.648,9.417,0.145,6.699,9.361,3.541,1.046,0.654,0,1.631,1156,1156,82.12,82.12,10.9,10.9,-7.9,107.9,0.919,PI116-02-09,3
51.253,2.275,15.504,1.4,7.4,0.153,5.01,10.323,4.155,0.752,0.333,0,1.441,1084,1084,81.39,83.24,8.659,10.9,0,100,1,PI032-02-01,1
51.59,2.31,15.742,1.26,6.6,0.156,5.077,10.481,4.219,0.763,0.339,0,1.464,1084,1084,83.24,83.24,7.734,10.9,1.12,98.88,1.015,PI032-02-01,2
49.823,2.054,13.997,1.761,9.317,0.138,7.559,9.319,3.751,0.678,0.301,0,1.301,1225,1225,83.24,83.24,10.901,10.9,-9.88,109.88,0.903,PI032-02-01,3
50.879,2.427,15.529,1.369,7.048,0.152,5.138,10.625,4.262,0.768,0.341,0,1.46,1089,1089,82.56,83.24,8.28,10.9,0,100,1,PI032-02-03,1
51.002,2.441,15.618,1.318,6.749,0.153,5.163,10.685,4.286,0.773,0.343,0,1.469,1089,1089,83.24,83.24,7.935,10.9,0.42,99.58,1.006,PI032-02-03,2
49.402,2.187,13.992,1.788,9.292,0.137,7.474,9.573,3.84,0.692,0.307,0,1.316,1219,1219,83.24,83.24,10.901,10.9,-9.9,109.9,0.901,PI032-02-03,3
46.474,3.888,16.769,1.524,7.747,0.128,4.413,11.484,3.983,1.41,0.717,0,1.464,1027,1027,79.99,83.52,9.119,10.9,0,100,1,PI032-03-01,1
46.961,3.997,17.24,1.258,6.281,0.131,4.538,11.807,4.095,1.449,0.737,0,1.505,1027,1027,83.52,83.52,7.413,10.9,2.03,97.97,1.028,PI032-03-01,2
45.607,3.524,15.199,1.813,9.277,0.116,7.19,10.409,3.61,1.278,0.65,0,1.327,1180,1180,83.52,83.52,10.909,10.9,-9.65,109.65,0.906,PI032-03-01,3
46.035,3.799,18.267,1.65,8.887,0.164,4.414,9.432,4.522,1.718,0.834,0,0.278,1064,1064,77.89,77.94,10.372,10.9,0,100,1,PI041-04-02,1
46.042,3.8,18.274,1.649,8.864,0.164,4.416,9.436,4.524,1.719,0.835,0,0.278,1064,1064,77.94,77.94,10.347,10.9,0.03,99.97,1,PI041-04-02,2
45.844,3.737,17.967,1.736,9.346,0.161,4.701,9.277,4.448,1.69,0.821,0,0.273,1083,1083,77.94,77.94,10.908,10.9,-1.47,101.47,0.984,PI041-04-02,3
46.175,3.866,18.149,1.65,8.911,0.166,4.395,9.379,4.51,1.694,0.788,0,0.318,1063,1063,77.73,77.91,10.396,10.9,0,100,1,PI041-04-03,1
46.201,3.872,18.177,1.639,8.83,0.166,4.401,9.393,4.517,1.696,0.79,0,0.318,1063,1063,77.91,77.91,10.305,10.9,0.12,99.88,1.002,PI041-04-03,2
45.916,3.78,17.745,1.761,9.513,0.162,4.805,9.17,4.41,1.656,0.771,0,0.311,1090,1090,77.91,77.91,11.098,10.9,-2.02,102.02,0.978,PI041-04-03,3
45.737,3.88,17.801,1.746,9.807,0.169,4.438,9.354,4.181,1.512,0.848,0,0.526,1057,1057,76.07,76.05,11.379,10.9,0,100,1,PI041-05-02,1
45.733,3.879,17.797,1.751,9.818,0.169,4.437,9.351,4.18,1.512,0.847,0,0.526,1057,1057,76.05,76.05,11.394,10.9,-0.02,100.02,1,PI041-05-02,2
45.909,3.936,18.061,1.675,9.381,0.172,4.206,9.49,4.242,1.534,0.86,0,0.534,1041,1041,76.05,76.05,10.888,10.9,1.27,98.73,1.015,PI041-05-02,3
46.927,3.252,15.633,1.929,11.193,0.24,4.341,10.014,3.351,1.01,0.962,0,1.147,1038,1038,72.38,73.61,12.929,10.9,0,100,1,PI065-03-01,1
47.127,3.289,15.809,1.842,10.629,0.243,4.391,10.127,3.389,1.021,0.973,0,1.16,1038,1038,73.61,73.61,12.287,10.9,0.85,99.15,1.011,PI065-03-01,2
47.672,3.421,16.446,1.635,9.416,0.253,3.814,10.535,3.525,1.062,1.012,0,1.207,998,998,73.61,73.61,10.888,10.9,4.25,95.75,1.052,PI065-03-01,3
51.848,2.027,16.653,1.11,6.709,0.113,5.389,11.017,3.007,0.505,0.49,0,1.133,1069,1069,83.33,82.49,7.707,10.9,0,100,1,PI065-04-02,1
51.694,2.013,16.54,1.169,7.077,0.113,5.353,10.942,2.986,0.502,0.487,0,1.125,1069,1069,82.49,82.49,8.129,10.9,-0.5,100.5,0.993,PI065-04-02,2
50.125,1.817,14.929,1.587,9.483,0.102,7.478,9.876,2.695,0.453,0.439,0,1.016,1184,1184,82.49,82.49,10.911,10.9,-10.2,110.2,0.896,PI065-04-02,3
46.645,3.766,18.068,1.563,9.472,0.15,4.344,8.725,3.868,1.509,0.791,0,1.098,1043,1043,76.12,77.97,10.879,10.9,0,100,1,PI067-04-02,1
46.916,3.825,18.35,1.442,8.664,0.152,4.411,8.861,3.928,1.533,0.804,0,1.115,1043,1043,77.97,77.97,9.961,10.9,1.16,98.84,1.016,PI067-04-02,2
46.557,3.716,17.827,1.583,9.486,0.148,4.907,8.609,3.816,1.489,0.781,0,1.083,1076,1076,77.96,77.97,10.91,10.9,-1.4,101.4,0.987,PI067-04-02,3
46.124,3.457,19.589,1.487,8.463,0.166,4.365,9.998,4.55,1.154,0.584,0,0.064,1043,1043,78.43,80.08,9.801,10.9,0,100,1,PI072-03-01,1
46.354,3.504,19.855,1.373,7.754,0.168,4.421,10.133,4.612,1.17,0.592,0,0.064,1043,1043,80.08,80.08,8.99,10.9,1,99,1.014,PI072-03-01,2
45.659,3.295,18.671,1.667,9.411,0.158,5.556,9.529,4.337,1.1,0.556,0,0.061,1115,1115,80.08,80.08,10.911,10.9,-4.54,104.54,0.953,PI072-03-01,3
47.089,3.325,17.935,1.763,9.97,0.163,4.084,8.281,4.659,1.541,0.746,0,0.443,1059,1059,74.23,75.8,11.557,10.9,0,100,1,PI072-04-01,1
47.33,3.37,18.178,1.655,9.284,0.166,4.134,8.393,4.722,1.562,0.757,0,0.449,1059,1059,75.8,75.8,10.773,10.9,1.02,98.98,1.014,PI072-04-01,2
47.274,3.356,18.102,1.677,9.409,0.165,4.2,8.358,4.702,1.556,0.753,0,0.447,1064,1064,75.8,75.8,10.918,10.9,0.66,99.34,1.009,PI072-04-01,3
46.713,3.099,18.825,1.221,6.587,0.125,4.338,11.942,3.888,1.324,0.816,0,1.122,1008,1008,82.24,83.85,7.685,10.9,0,100,1,PI074-02-01,1
46.92,3.135,19.045,1.112,5.952,0.126,4.395,12.082,3.933,1.339,0.826,0,1.136,1008,1008,83.85,83.85,6.952,10.9,0.85,99.15,1.012,PI074-02-01,2
45.404,2.713,16.485,1.729,9.352,0.109,7.488,10.458,3.405,1.159,0.715,0,0.983,1185,1185,83.85,83.85,10.908,10.9,-12.83,112.83,0.876,PI074-02-01,3
47.868,2.717,14.917,1.54,7.305,0.143,6.527,13.796,3.146,0.992,0.367,0,0.682,1128,1128,85.12,86.63,8.691,10.9,0,100,1,PI085-03-01,1
48.162,2.761,15.159,1.386,6.505,0.145,6.591,14.02,3.197,1.008,0.373,0,0.693,1128,1128,86.63,86.63,7.752,10.9,1.19,98.81,1.016,PI085-03-01,2
46.625,2.395,13.15,1.886,9.211,0.126,9.874,12.162,2.773,0.874,0.323,0,0.601,1284,1284,86.63,86.63,10.908,10.9,-12.43,112.43,0.882,PI085-03-01,3
47.562,2.341,15.968,1.626,8.685,0.125,7.827,9.519,3.69,1.225,0.416,0,1.015,1229,1229,85.07,82.7,10.149,10.9,0,100,1,PI089-03-01,1
46.975,2.26,15.419,1.896,10.257,0.12,7.751,9.192,3.563,1.183,0.402,0,0.98,1229,1229,82.7,82.7,11.964,10.9,-2.72,102.72,0.966,PI089-03-01,2
47.464,2.356,16.076,1.732,9.33,0.126,6.942,9.584,3.715,1.234,0.419,0,1.022,1188,1188,82.7,82.7,10.889,10.9,1.05,98.95,1.007,PI089-03-01,3
49.753,2.413,16.88,1.3,7.184,0.149,4.741,11.149,3.742,0.855,0.531,0,1.305,1046,1046,81.34,83.62,8.354,10.9,0,100,1,PI097-04-01,1
50.116,2.455,17.177,1.142,6.239,0.151,4.827,11.346,3.808,0.87,0.54,0,1.328,1046,1046,83.62,83.62,7.267,10.9,1.28,98.72,1.018,PI097-04-01,2
48.293,2.144,15,1.707,9.365,0.132,7.734,9.908,3.325,0.76,0.472,0,1.16,1208,1208,83.62,83.62,10.902,10.9,-11.5,111.5,0.889,PI097-04-01,3
49.697,2.652,18.319,1.196,6.891,0.124,4.835,8.448,4.452,1.458,0.654,0,1.274,1083,1083,82.55,82.57,7.967,10.9,0,100,1,PI098-01-03,1
49.699,2.653,18.321,1.196,6.882,0.124,4.836,8.449,4.453,1.458,0.654,0,1.274,1083,1083,82.57,82.57,7.958,10.9,0.01,99.99,1,PI098-01-03,2
48.269,2.387,16.488,1.654,9.437,0.112,6.994,7.604,4.007,1.312,0.589,0,1.147,1211,1211,82.57,82.57,10.926,10.9,-9.87,109.87,0.9,PI098-01-03,3
48.419,2.692,15.639,1.468,7.295,0.192,6.147,11.605,3.621,1.335,0.536,0,1.052,1133,1133,84.57,85.28,8.616,10.9,0,100,1,PI114-03-01,1
48.556,2.712,15.754,1.401,6.929,0.194,6.173,11.69,3.647,1.345,0.54,0,1.059,1133,1133,85.28,85.28,8.19,10.9,0.54,99.46,1.007,PI114-03-01,2
47.237,2.424,14.08,1.832,9.259,0.173,8.655,10.449,3.26,1.202,0.483,0,0.947,1260,1260,85.28,85.28,10.907,10.9,-10.06,110.06,0.9,PI114-03-01,3
50.281,2.195,18.587,1.327,7.512,0.117,4.013,7.382,5.103,1.746,0.693,0,1.045,1064,1064,78.77,77.11,8.706,10.9,0,100,1,PI114-04-01,1
50.019,2.167,18.356,1.436,8.173,0.115,3.965,7.29,5.039,1.724,0.684,0,1.032,1064,1064,77.11,77.11,9.465,10.9,-0.95,100.95,0.988,PI114-04-01,2
49.286,2.067,17.507,1.681,9.551,0.11,4.757,6.953,4.806,1.645,0.652,0,0.984,1121,1121,77.11,77.11,11.064,10.9,-5.25,105.25,0.942,PI114-04-01,3
47.903,3.143,16.722,1.694,9.08,0.201,4.826,8.551,4.527,1.576,0.744,0,1.033,1100,1100,78.43,83.83,10.604,10.9,0,100,1,PI114-05-01,1
48.824,3.301,17.559,1.261,6.594,0.211,4.997,8.979,4.754,1.655,0.781,0,1.084,1100,1100,83.83,83.83,7.729,10.9,3.6,96.4,1.05,PI114-05-01,2
47.357,2.933,15.602,1.767,9.32,0.187,7.504,7.979,4.224,1.47,0.694,0,0.963,1245,1245,83.83,83.83,10.909,10.9,-7.16,107.16,0.933,PI114-05-01,3
48.309,2.915,16.902,1.632,9.093,0.204,4.602,8.896,4.134,1.538,0.732,0,1.042,1077,1077,77.49,81.57,10.562,10.9,0,100,1,PI114-05-02,1
48.988,3.02,17.507,1.329,7.278,0.211,4.74,9.214,4.282,1.594,0.758,0,1.08,1077,1077,81.57,81.57,8.474,10.9,2.61,97.39,1.036,PI114-05-02,2
47.839,2.77,16.056,1.723,9.455,0.193,6.438,8.451,3.927,1.461,0.695,0,0.99,1180,1180,81.57,81.57,11.006,10.9,-5.19,105.19,0.95,PI114-05-02,3
48.32,2.914,16.875,1.633,9.102,0.128,4.852,8.758,4.192,1.455,0.729,0,1.041,1092,1092,78.25,79.27,10.572,10.9,0,100,1,PI114-05-03,1
48.5,2.942,17.036,1.555,8.623,0.129,4.887,8.841,4.232,1.468,0.736,0,1.051,1092,1092,79.27,79.27,10.022,10.9,0.71,99.29,1.01,PI114-05-03,2
48.109,2.859,16.556,1.692,9.391,0.126,5.399,8.592,4.113,1.427,0.716,0,1.022,1125,1125,79.27,79.27,10.913,10.9,-1.83,101.83,0.981,PI114-05-03,3
47.314,2.69,17.769,1.526,8.858,0.096,4.846,10.521,3.46,1.252,0.562,0,1.104,1055,1055,78.68,81.06,10.232,10.9,0,100,1,PI116-01-01,1
47.69,2.746,18.139,1.355,7.78,0.098,4.94,10.74,3.532,1.278,0.574,0,1.127,1055,1055,81.06,81.06,8.999,10.9,1.53,98.47,1.021,PI116-01-01,2
46.9,2.575,17.006,1.644,9.426,0.092,6.182,10.07,3.312,1.198,0.538,0,1.057,1128,1128,81.06,81.06,10.906,10.9,-4.29,104.29,0.957,PI116-01-01,3
48.547,2.177,17.707,1.359,7.679,0.158,5.028,10.634,3.63,1.233,0.557,0,1.292,1066,1066,81.36,80.98,8.902,10.9,0,100,1,PI116-02-01,1
48.484,2.17,17.649,1.389,7.848,0.157,5.014,10.599,3.618,1.229,0.555,0,1.288,1066,1066,80.98,80.98,9.098,10.9,-0.24,100.24,0.997,PI116-02-01,2
47.644,2.034,16.545,1.679,9.489,0.147,6.255,9.936,3.392,1.152,0.521,0,1.207,1139,1139,80.98,80.98,10.999,10.9,-6.18,106.18,0.934,PI116-02-01,3
48.719,3.216,19.166,1.213,6.901,0.139,3.3,9.145,4.526,1.949,0.638,0,1.088,984,984,77.6,80.66,7.992,10.9,0,100,1,PI116-05-01,1
49.084,3.275,19.518,1.045,5.884,0.142,3.388,9.313,4.609,1.985,0.65,0,1.108,984,984,80.66,80.66,6.824,10.9,1.33,98.67,1.018,PI116-05-01,2
47.335,2.873,17.122,1.689,9.445,0.124,5.916,8.17,4.043,1.741,0.57,0,0.972,1157,1157,80.66,80.66,10.965,10.9,-10.81,110.81,0.893,PI116-05-01,3
45.485,4.042,16.075,1.638,8.121,0.155,5.559,11.606,3.761,1.468,0.62,0,1.469,1088,1088,82.43,83.19,9.596,10.9,0,100,1,PI032-01-04,1
45.606,4.073,16.197,1.572,7.741,0.156,5.588,11.694,3.789,1.479,0.625,0,1.48,1088,1088,83.19,83.19,9.155,10.9,0.56,99.44,1.008,PI032-01-04,2
44.974,3.82,15.19,1.847,9.247,0.146,6.895,10.966,3.554,1.387,0.586,0,1.388,1160,1160,83.19,83.19,10.909,10.9,-5.3,105.3,0.945,PI032-01-04,3
45.599,3.637,17.551,1.671,9.502,0.192,4.576,10.057,3.707,1.438,0.619,0,1.451,1041,1041,77.06,79.96,11.006,10.9,0,100,1,PI032-05-01,1
46.018,3.731,18.001,1.458,8.192,0.197,4.686,10.315,3.803,1.475,0.635,0,1.488,1041,1041,79.96,79.96,9.504,10.9,1.89,98.11,1.026,PI032-05-01,2
45.518,3.566,17.205,1.671,9.405,0.188,5.514,9.859,3.634,1.409,0.607,0,1.423,1092,1092,79.96,79.96,10.908,10.9,-2.12,102.12,0.98,PI032-05-01,3
46.249,3.931,18.493,1.553,8.507,0.169,4.364,9.597,4.415,1.667,0.778,0,0.278,1054,1054,78.4,77.85,9.905,10.9,0,100,1,PI041-04-05,1
46.167,3.913,18.404,1.597,8.751,0.168,4.346,9.551,4.394,1.659,0.774,0,0.276,1054,1054,77.85,77.85,10.188,10.9,-0.36,100.36,0.995,PI041-04-05,2
45.885,3.82,17.97,1.719,9.433,0.164,4.749,9.325,4.29,1.62,0.756,0,0.27,1082,1082,77.85,77.85,10.98,10.9,-2.5,102.5,0.972,PI041-04-05,3
46.276,4.005,18.029,1.572,8.469,0.152,4.491,10.054,4.383,1.434,0.718,0,0.416,1055,1055,78.83,78.15,9.884,10.9,0,100,1,PI041-04-06,1
46.176,3.981,17.922,1.625,8.771,0.151,4.468,9.995,4.357,1.426,0.713,0,0.414,1055,1055,78.15,78.15,10.234,10.9,-0.45,100.45,0.994,PI041-04-06,2
45.897,3.888,17.503,1.745,9.439,0.148,4.871,9.761,4.255,1.392,0.697,0,0.404,1081,1081,78.15,78.15,11.009,10.9,-2.57,102.57,0.971,PI041-04-06,3
47.023,3.903,18.333,1.475,8.142,0.149,4.338,9.505,4.405,1.564,0.89,0,0.275,1052,1052,78.89,78.06,9.47,10.9,0,100,1,PI041-04-07,1
46.902,3.877,18.208,1.534,8.496,0.148,4.311,9.44,4.375,1.553,0.883,0,0.273,1052,1052,78.06,78.06,9.876,10.9,-0.51,100.51,0.993,PI041-04-07,2
46.466,3.743,17.579,1.711,9.494,0.142,4.912,9.114,4.224,1.499,0.853,0,0.263,1093,1093,78.06,78.06,11.033,10.9,-3.68,103.68,0.959,PI041-04-07,3
46.335,3.964,17.884,1.672,9.459,0.129,4.234,9.423,4.173,1.483,0.716,0,0.528,1044,1044,75.86,75.96,10.963,10.9,0,100,1,PI041-05-03,1
46.348,3.967,17.897,1.668,9.417,0.129,4.238,9.43,4.176,1.485,0.717,0,0.528,1044,1044,75.96,75.96,10.918,10.9,0.06,99.94,1.001,PI041-05-03,2
46.355,3.969,17.908,1.665,9.4,0.129,4.228,9.435,4.179,1.485,0.717,0,0.529,1044,1044,75.96,75.96,10.898,10.9,0.11,99.89,1.001,PI041-05-03,3
46.134,4.025,16.762,1.877,10.634,0.177,4.46,10.225,3.533,1.389,0.602,0,0.183,1054,1054,74.21,81.69,12.323,10.9,0,100,1,PI054-01-04,1
47.273,4.297,17.894,1.332,7.273,0.188,4.734,10.916,3.771,1.483,0.643,0,0.195,1054,1054,81.69,81.69,8.472,10.9,4.81,95.19,1.068,PI054-01-04,2
46.274,3.944,16.422,1.721,9.434,0.173,6.423,10.018,3.461,1.361,0.59,0,0.179,1154,1154,81.69,81.69,10.982,10.9,-2.75,102.75,0.98,PI054-01-04,3
47.276,3.913,16.445,1.723,10.664,0.164,4.119,10.015,2.569,1.729,0.732,0,0.65,1025,1025,72.31,78.58,12.215,10.9,0,100,1,PI054-07-04,1
48.211,4.114,17.29,1.331,8.02,0.172,4.361,10.529,2.701,1.818,0.769,0,0.683,1025,1025,78.58,78.58,9.218,10.9,3.71,96.29,1.051,PI054-07-04,2
47.474,3.892,16.357,1.595,9.558,0.163,5.349,9.961,2.556,1.72,0.728,0,0.646,1088,1088,78.58,78.58,10.993,10.9,-1.14,101.14,0.995,PI054-07-04,3
47.39,3.64,17.711,1.528,8.89,0.154,4.112,10.124,3.682,1.379,0.748,0,0.642,1023,1023,76.16,79.09,10.264,10.9,0,100,1,PI054-07-07,1
47.805,3.723,18.112,1.34,7.696,0.157,4.216,10.353,3.765,1.411,0.765,0,0.657,1023,1023,79.09,79.09,8.901,10.9,1.66,98.34,1.023,PI054-07-07,2
46.949,3.482,16.941,1.664,9.541,0.147,5.422,9.683,3.522,1.319,0.716,0,0.614,1101,1101,79.09,79.09,11.038,10.9,-4.34,104.34,0.956,PI054-07-07,3
47.203,4.207,15.797,1.809,10.935,0.152,4.381,9.625,2.564,1.912,0.766,0,0.648,1049,1049,72.94,78.61,12.563,10.9,0,100,1,PI054-07-08,1
48.107,4.418,16.59,1.427,8.404,0.159,4.6,10.108,2.693,2.008,0.804,0,0.68,1049,1049,78.61,78.61,9.688,10.9,3.65,96.35,1.05,PI054-07-08,2
47.599,4.253,15.97,1.609,9.454,0.153,5.276,9.73,2.592,1.933,0.774,0,0.655,1092,1092,78.61,78.61,10.902,10.9,0.34,99.66,1.011,PI054-07-08,3
46.666,3.583,17.735,1.61,9.049,0.162,4.416,10.136,3.936,1.376,0.687,0,0.645,1045,1045,77.18,77.19,10.498,10.9,0,100,1,PI054-07-09,1
46.666,3.583,17.734,1.614,9.045,0.162,4.416,10.136,3.936,1.376,0.687,0,0.645,1045,1045,77.19,77.19,10.498,10.9,0,100,1,PI054-07-09,2
46.515,3.54,17.52,1.676,9.397,0.16,4.617,10.014,3.888,1.359,0.678,0,0.637,1058,1058,77.19,77.19,10.905,10.9,-1.08,101.08,0.988,PI054-07-09,3
47.102,5.014,13.598,2.276,11.892,0.18,4.259,9.308,3.484,1.844,0.991,0,0.054,1078,1078,70.91,78.03,13.94,10.9,0,100,1,PI056-01-04,1
48.329,5.361,14.539,1.71,8.609,0.192,4.495,9.952,3.725,1.971,1.059,0,0.057,1078,1078,78.03,78.03,10.148,10.9,5,95,1.069,PI056-01-04,2
48.001,5.236,14.199,1.832,9.269,0.187,4.9,9.719,3.638,1.925,1.035,0,0.056,1105,1105,78.03,78.03,10.918,10.9,3,97,1.044,PI056-01-04,3
47.888,3.8,17.884,1.5,9.172,0.169,3.574,8.444,4.043,1.554,0.679,0,1.294,1003,1003,73.32,76.03,10.522,10.9,0,100,1,PI067-05-06,1
48.251,3.872,18.226,1.348,8.146,0.172,3.664,8.606,4.12,1.584,0.692,0,1.319,1003,1003,76.03,76.03,9.359,10.9,1.42,98.58,1.019,PI067-05-06,2
47.595,3.695,17.389,1.592,9.57,0.164,4.426,8.21,3.931,1.511,0.66,0,1.258,1058,1058,76.03,76.03,11.002,10.9,-2.75,102.75,0.972,PI067-05-06,3
48.012,3.569,18.468,1.436,8.895,0.142,3.269,8.223,4.129,1.758,0.809,0,1.291,985,985,72.48,76.06,10.188,10.9,0,100,1,PI067-05-08,1
48.46,3.652,18.9,1.248,7.627,0.145,3.382,8.415,4.225,1.799,0.827,0,1.321,985,985,76.06,76.06,8.75,10.9,1.73,98.27,1.023,PI067-05-08,2
47.602,3.436,17.783,1.568,9.494,0.136,4.373,7.918,3.976,1.693,0.779,0,1.243,1059,1059,76.06,76.06,10.904,10.9,-3.68,103.68,0.963,PI067-05-08,3
48.777,3.55,18.104,1.161,6.311,0.097,4.879,11.142,3.952,1.208,0.58,0,0.239,1060,1060,83.87,84.16,7.356,10.9,0,100,1,PI072-01-05,1
48.821,3.558,18.145,1.141,6.189,0.097,4.89,11.167,3.961,1.211,0.582,0,0.239,1060,1060,84.16,84.16,7.215,10.9,0.17,99.83,1.002,PI072-01-05,2
47.102,3.088,15.747,1.726,9.398,0.084,7.965,9.691,3.437,1.051,0.505,0,0.208,1232,1232,84.16,84.16,10.951,10.9,-13.39,113.39,0.87,PI072-01-05,3
46.697,3.466,18.696,1.347,7.265,0.105,4.702,11.953,3.93,1.104,0.498,0,0.239,1039,1039,81.69,83.04,8.477,10.9,0,100,1,PI072-01-06,1
46.887,3.504,18.899,1.248,6.688,0.106,4.752,12.083,3.973,1.116,0.503,0,0.241,1039,1039,83.04,83.04,7.811,10.9,0.8,99.2,1.011,PI072-01-06,2
45.689,3.136,16.918,1.73,9.349,0.095,7.045,10.816,3.556,0.999,0.45,0,0.216,1170,1170,83.04,83.04,10.906,10.9,-9.52,109.52,0.905,PI072-01-06,3
48.99,4.572,13.887,2.03,11.179,0.227,3.851,9.104,3.218,1.916,0.962,0,0.064,1054,1054,69.85,79.48,13.005,10.9,0,100,1,PI072-03-05,1
50.577,4.937,14.998,1.369,7.218,0.245,4.169,9.833,3.475,2.07,1.039,0,0.07,1054,1054,79.48,79.48,8.45,10.9,5.68,94.32,1.08,PI072-03-05,2
49.385,4.567,13.872,1.758,9.328,0.226,5.614,9.095,3.214,1.914,0.961,0,0.064,1150,1150,79.48,79.48,10.91,10.9,-1.08,101.08,0.999,PI072-03-05,3
48.374,3.342,18.848,1.036,5.719,0.142,2.645,12.519,4.017,1.092,0.957,0,1.308,889,889,77.36,82.91,6.651,10.9,0,100,1,PI074-01-05,1
48.878,3.427,19.323,0.784,4.253,0.145,2.796,12.835,4.118,1.12,0.981,0,1.341,889,889,82.91,82.91,4.958,10.9,1.79,98.21,1.025,PI074-01-05,2
46.426,2.804,15.811,1.718,9.362,0.119,7.073,10.502,3.37,0.916,0.802,0,1.097,1164,1164,82.91,82.91,10.908,10.9,-17.45,117.45,0.839,PI074-01-05,3
46.828,3.266,18.917,1.344,7.851,0.164,4.338,10.056,3.912,1.392,0.827,0,1.106,1025,1025,79.42,79.42,9.06,10.9,0,100,1,PI074-02-04,1
46.828,3.266,18.917,1.339,7.855,0.164,4.338,10.056,3.912,1.392,0.827,0,1.106,1025,1025,79.41,79.42,9.06,10.9,0,100,1,PI074-02-04,2
46.135,3.08,17.843,1.618,9.459,0.155,5.399,9.485,3.69,1.313,0.78,0,1.043,1092,1092,79.42,79.42,10.915,10.9,-5.31,105.31,0.943,PI074-02-04,3
48.388,3.022,16.328,1.727,9.673,0.217,3.503,9.054,3.643,2.172,0.866,0,1.408,1013,1013,71.79,78.77,11.227,10.9,0,100,1,PI074-03-04,1
49.369,3.175,17.153,1.293,7.05,0.228,3.724,9.511,3.827,2.282,0.91,0,1.479,1013,1013,78.77,78.77,8.214,10.9,3.65,96.35,1.051,PI074-03-04,2
48.199,2.926,15.807,1.712,9.36,0.21,5.191,8.765,3.526,2.103,0.839,0,1.363,1115,1115,78.77,78.77,10.9,10.9,-3.57,103.57,0.968,PI074-03-04,3
46.842,3.407,17.961,1.498,8.177,0.126,4.897,10.954,3.912,1.189,0.633,0,0.404,1063,1063,80.34,80.9,9.525,10.9,0,100,1,PI081-01-05,1
46.93,3.424,18.051,1.452,7.922,0.127,4.917,11.009,3.931,1.195,0.636,0,0.406,1063,1063,80.9,80.9,9.229,10.9,0.37,99.63,1.005,PI081-01-05,2
46.274,3.236,17.063,1.711,9.371,0.12,5.988,10.406,3.716,1.13,0.602,0,0.383,1127,1127,80.9,80.9,10.91,10.9,-4.74,104.74,0.95,PI081-01-05,3
43.978,6.186,16.708,1.501,8.809,0.21,5.235,12.016,2.865,0.629,0.344,0,1.521,1021,1021,80.22,82.75,10.16,10.9,0,100,1,PI081-02-04,1
44.316,6.327,17.089,1.312,7.616,0.215,5.356,12.29,2.93,0.644,0.351,0,1.556,1021,1021,82.75,82.75,8.796,10.9,1.66,98.34,1.023,PI081-02-04,2
43.664,5.864,15.838,1.625,9.441,0.199,6.898,11.39,2.716,0.597,0.326,0,1.442,1102,1102,82.75,82.75,10.904,10.9,-5.26,105.26,0.948,PI081-02-04,3
48.567,2.504,14.455,1.513,7.617,0.115,6.814,13.586,2.336,1.154,0.427,0,0.911,1132,1132,84.8,86.39,8.979,10.9,0,100,1,PI085-04-05,1
48.894,2.548,14.707,1.355,6.759,0.117,6.887,13.823,2.376,1.174,0.434,0,0.927,1132,1132,86.39,86.39,7.978,10.9,1.27,98.73,1.017,PI085-04-05,2
47.364,2.232,12.882,1.813,9.278,0.102,9.921,12.107,2.082,1.028,0.381,0,0.812,1273,1273,86.39,86.39,10.909,10.9,-11.36,111.36,0.891,PI085-04-05,3
46.057,3.346,16.531,1.583,8.474,0.175,5.716,12.389,3.392,0.623,0.537,0,1.178,1072,1072,81.74,83.55,9.898,10.9,0,100,1,PI097-02-04,1
46.352,3.406,16.825,1.43,7.571,0.178,5.797,12.609,3.453,0.634,0.547,0,1.199,1072,1072,83.55,83.55,8.857,10.9,1.3,98.7,1.018,PI097-02-04,2
45.557,3.153,15.575,1.744,9.332,0.165,7.404,11.672,3.196,0.587,0.506,0,1.11,1156,1156,83.55,83.55,10.901,10.9,-5.77,105.77,0.942,PI097-02-04,3
47.729,2.786,16.943,1.586,8.939,0.218,5.712,9.014,3.735,1.594,0.695,0,1.047,1129,1129,80.89,80.67,10.367,10.9,0,100,1,PI114-01-04,1
47.686,2.78,16.902,1.608,9.054,0.217,5.705,8.993,3.726,1.59,0.694,0,1.045,1129,1129,80.67,80.67,10.501,10.9,-0.18,100.18,0.998,PI114-01-04,2
47.513,2.742,16.672,1.669,9.4,0.214,5.961,8.87,3.676,1.569,0.684,0,1.031,1144,1144,80.67,80.67,10.902,10.9,-1.41,101.41,0.984,PI114-01-04,3
49.483,3.011,18.326,1.357,7.776,0.116,4.189,7.539,4.828,1.781,0.536,0,1.057,1068,1068,78.88,77.59,8.997,10.9,0,100,1,PI114-04-04,1
49.275,2.98,18.138,1.45,8.314,0.115,4.15,7.462,4.778,1.763,0.53,0,1.046,1068,1068,77.59,77.59,9.619,10.9,-0.78,100.78,0.99,PI114-04-04,2
48.703,2.866,17.448,1.648,9.429,0.11,4.809,7.178,4.596,1.696,0.51,0,1.006,1114,1114,77.59,77.59,10.912,10.9,-4.29,104.29,0.952,PI114-04-04,3
47.962,2.731,16.616,1.799,9.897,0.14,5.119,8.335,4.288,1.536,0.539,0,1.038,1119,1119,77.68,81.52,11.515,10.9,0,100,1,PI114-05-04,1
48.678,2.838,17.266,1.48,7.998,0.145,5.243,8.661,4.456,1.596,0.56,0,1.079,1119,1119,81.52,81.52,9.33,10.9,2.86,97.14,1.039,PI114-05-04,2
47.951,2.686,16.341,1.728,9.369,0.138,6.31,8.197,4.217,1.511,0.53,0,1.021,1183,1183,81.52,81.52,10.924,10.9,-2.01,102.01,0.983,PI114-05-04,3